,Date_heure,nb_ae,nb_ae_rep,nb_ae_tr90,dmr,dmt,TR90,Year,Mois,Semaine,Year_Sem,Date,jsem,creneau,BTS,cs_ae_tr,cs_ae_rep,cs_tr90
0,2022-05-02 08:00:00,9,9,4,141,289,44,2022,5,18,2022_18,2022-05-02,Lundi,08:00,False,4,9,44.4
1,2022-05-02 08:30:00,12,12,5,109,278,41,2022,5,18,2022_18,2022-05-02,Lundi,08:30,False,9,21,42.9
2,2022-05-02 09:00:00,10,10,9,40,218,90,2022,5,18,2022_18,2022-05-02,Lundi,09:00,False,18,31,58.1
3,2022-05-02 09:30:00,8,8,8,19,189,100,2022,5,18,2022_18,2022-05-02,Lundi,09:30,False,26,39,66.7
4,2022-05-02 10:00:00,13,13,12,27,186,92,2022,5,18,2022_18,2022-05-02,Lundi,10:00,False,38,52,73.1
5,2022-05-02 10:30:00,15,15,13,39,211,86,2022,5,18,2022_18,2022-05-02,Lundi,10:30,False,51,67,76.1
6,2022-05-02 11:00:00,24,24,23,29,183,95,2022,5,18,2022_18,2022-05-02,Lundi,11:00,False,74,91,81.3
7,2022-05-02 11:30:00,15,15,15,26,179,100,2022,5,18,2022_18,2022-05-02,Lundi,11:30,False,89,106,84.0
8,2022-05-02 12:00:00,19,19,17,41,207,89,2022,5,18,2022_18,2022-05-02,Lundi,12:00,False,106,125,84.8
9,2022-05-02 12:30:00,19,19,10,105,216,52,2022,5,18,2022_18,2022-05-02,Lundi,12:30,False,116,144,80.6
10,2022-05-02 13:00:00,17,17,15,38,232,88,2022,5,18,2022_18,2022-05-02,Lundi,13:00,False,131,161,81.4
11,2022-05-02 13:30:00,21,21,14,80,201,66,2022,5,18,2022_18,2022-05-02,Lundi,13:30,False,145,182,79.7
12,2022-05-02 14:00:00,20,19,17,40,171,89,2022,5,18,2022_18,2022-05-02,Lundi,14:00,False,162,201,80.6
13,2022-05-02 14:30:00,7,7,7,19,106,100,2022,5,18,2022_18,2022-05-02,Lundi,14:30,False,169,208,81.2
14,2022-05-02 15:00:00,14,14,14,18,169,100,2022,5,18,2022_18,2022-05-02,Lundi,15:00,False,183,222,82.4
15,2022-05-02 15:30:00,9,9,9,19,173,100,2022,5,18,2022_18,2022-05-02,Lundi,15:30,False,192,231,83.1
16,2022-05-02 16:00:00,10,10,10,23,125,100,2022,5,18,2022_18,2022-05-02,Lundi,16:00,False,202,241,83.8
17,2022-05-02 16:30:00,7,7,7,28,156,100,2022,5,18,2022_18,2022-05-02,Lundi,16:30,False,209,248,84.3
18,2022-05-02 17:00:00,3,3,3,67,308,100,2022,5,18,2022_18,2022-05-02,Lundi,17:00,False,212,251,84.5
19,2022-05-02 17:30:00,4,4,2,167,335,50,2022,5,18,2022_18,2022-05-02,Lundi,17:30,False,214,255,83.9
20,2022-05-02 18:00:00,5,5,3,131,114,60,2022,5,18,2022_18,2022-05-02,Lundi,18:00,False,217,260,83.5
21,2022-05-02 18:30:00,5,5,4,58,127,80,2022,5,18,2022_18,2022-05-02,Lundi,18:30,False,221,265,83.4
22,2022-05-02 19:30:00,1,1,1,20,182,100,2022,5,18,2022_18,2022-05-02,Lundi,19:30,False,222,266,83.5
23,2022-05-03 08:00:00,2,2,2,18,125,100,2022,5,18,2022_18,2022-05-03,Mardi,08:00,False,2,2,100.0
24,2022-05-03 08:30:00,8,8,8,18,194,100,2022,5,18,2022_18,2022-05-03,Mardi,08:30,False,10,10,100.0
25,2022-05-03 09:00:00,7,7,7,18,191,100,2022,5,18,2022_18,2022-05-03,Mardi,09:00,False,17,17,100.0
26,2022-05-03 09:30:00,4,4,4,19,294,100,2022,5,18,2022_18,2022-05-03,Mardi,09:30,False,21,21,100.0
27,2022-05-03 10:00:00,7,7,6,40,195,85,2022,5,18,2022_18,2022-05-03,Mardi,10:00,False,27,28,96.4
28,2022-05-03 10:30:00,6,6,6,48,235,100,2022,5,18,2022_18,2022-05-03,Mardi,10:30,False,33,34,97.1
29,2022-05-03 11:00:00,12,12,10,59,202,83,2022,5,18,2022_18,2022-05-03,Mardi,11:00,False,43,46,93.5
30,2022-05-03 11:30:00,9,9,9,29,234,100,2022,5,18,2022_18,2022-05-03,Mardi,11:30,False,52,55,94.5
31,2022-05-03 12:00:00,8,8,7,48,114,87,2022,5,18,2022_18,2022-05-03,Mardi,12:00,False,59,63,93.7
32,2022-05-03 12:30:00,13,13,8,69,191,61,2022,5,18,2022_18,2022-05-03,Mardi,12:30,False,67,76,88.2
33,2022-05-03 13:00:00,9,8,8,25,241,100,2022,5,18,2022_18,2022-05-03,Mardi,13:00,False,75,84,89.3
34,2022-05-03 13:30:00,12,12,12,27,195,100,2022,5,18,2022_18,2022-05-03,Mardi,13:30,False,87,96,90.6
35,2022-05-03 14:00:00,9,9,9,48,209,100,2022,5,18,2022_18,2022-05-03,Mardi,14:00,False,96,105,91.4
36,2022-05-03 14:30:00,13,13,9,60,219,69,2022,5,18,2022_18,2022-05-03,Mardi,14:30,False,105,118,89.0
37,2022-05-03 15:00:00,9,9,9,22,184,100,2022,5,18,2022_18,2022-05-03,Mardi,15:00,False,114,127,89.8
38,2022-05-03 15:30:00,9,9,7,51,161,77,2022,5,18,2022_18,2022-05-03,Mardi,15:30,False,121,136,89.0
39,2022-05-03 16:30:00,6,6,6,23,150,100,2022,5,18,2022_18,2022-05-03,Mardi,16:30,False,127,142,89.4
40,2022-05-03 17:00:00,4,4,3,110,237,75,2022,5,18,2022_18,2022-05-03,Mardi,17:00,False,130,146,89.0
41,2022-05-03 17:30:00,2,2,2,19,154,100,2022,5,18,2022_18,2022-05-03,Mardi,17:30,False,132,148,89.2
42,2022-05-03 18:00:00,3,3,3,19,187,100,2022,5,18,2022_18,2022-05-03,Mardi,18:00,False,135,151,89.4
43,2022-05-03 19:00:00,1,1,1,19,80,100,2022,5,18,2022_18,2022-05-03,Mardi,19:00,False,136,152,89.5
44,2022-05-03 19:30:00,1,1,1,19,33,100,2022,5,18,2022_18,2022-05-03,Mardi,19:30,False,137,153,89.5
45,2022-05-04 08:00:00,2,2,1,72,145,50,2022,5,18,2022_18,2022-05-04,Mercredi,08:00,False,1,2,50.0
46,2022-05-04 08:30:00,11,11,2,267,329,18,2022,5,18,2022_18,2022-05-04,Mercredi,08:30,False,3,13,23.1
47,2022-05-04 09:00:00,19,19,15,54,181,78,2022,5,18,2022_18,2022-05-04,Mercredi,09:00,False,18,32,56.2
48,2022-05-04 09:30:00,8,8,8,19,189,100,2022,5,18,2022_18,2022-05-04,Mercredi,09:30,False,26,40,65.0
49,2022-05-04 10:00:00,11,11,9,58,179,81,2022,5,18,2022_18,2022-05-04,Mercredi,10:00,False,35,51,68.6
50,2022-05-04 10:30:00,22,22,11,130,190,50,2022,5,18,2022_18,2022-05-04,Mercredi,10:30,False,46,73,63.0
51,2022-05-04 11:00:00,14,14,10,71,138,71,2022,5,18,2022_18,2022-05-04,Mercredi,11:00,False,56,87,64.4
52,2022-05-04 11:30:00,16,16,7,118,205,43,2022,5,18,2022_18,2022-05-04,Mercredi,11:30,False,63,103,61.2
53,2022-05-04 12:00:00,16,15,15,31,205,100,2022,5,18,2022_18,2022-05-04,Mercredi,12:00,False,78,118,66.1
54,2022-05-04 12:30:00,13,13,11,51,527,84,2022,5,18,2022_18,2022-05-04,Mercredi,12:30,False,89,131,67.9
55,2022-05-04 13:00:00,16,16,13,48,229,81,2022,5,18,2022_18,2022-05-04,Mercredi,13:00,False,102,147,69.4
56,2022-05-04 13:30:00,10,10,10,26,262,100,2022,5,18,2022_18,2022-05-04,Mercredi,13:30,False,112,157,71.3
57,2022-05-04 14:00:00,14,14,12,64,194,85,2022,5,18,2022_18,2022-05-04,Mercredi,14:00,False,124,171,72.5
58,2022-05-04 14:30:00,17,17,16,41,259,94,2022,5,18,2022_18,2022-05-04,Mercredi,14:30,False,140,188,74.5
59,2022-05-04 15:00:00,9,9,9,19,153,100,2022,5,18,2022_18,2022-05-04,Mercredi,15:00,False,149,197,75.6
60,2022-05-04 15:30:00,8,8,8,23,171,100,2022,5,18,2022_18,2022-05-04,Mercredi,15:30,False,157,205,76.6
61,2022-05-04 16:00:00,9,9,9,26,122,100,2022,5,18,2022_18,2022-05-04,Mercredi,16:00,False,166,214,77.6
62,2022-05-04 16:30:00,7,7,7,19,138,100,2022,5,18,2022_18,2022-05-04,Mercredi,16:30,False,173,221,78.3
63,2022-05-04 17:00:00,5,5,5,30,137,100,2022,5,18,2022_18,2022-05-04,Mercredi,17:00,False,178,226,78.8
64,2022-05-04 17:30:00,6,6,6,19,185,100,2022,5,18,2022_18,2022-05-04,Mercredi,17:30,False,184,232,79.3
65,2022-05-04 18:00:00,5,5,5,37,93,100,2022,5,18,2022_18,2022-05-04,Mercredi,18:00,False,189,237,79.7
66,2022-05-04 18:30:00,4,4,3,66,156,75,2022,5,18,2022_18,2022-05-04,Mercredi,18:30,False,192,241,79.7
67,2022-05-04 19:00:00,4,4,4,29,185,100,2022,5,18,2022_18,2022-05-04,Mercredi,19:00,False,196,245,80.0
68,2022-05-05 08:00:00,6,6,5,31,201,83,2022,5,18,2022_18,2022-05-05,Jeudi,08:00,False,5,6,83.3
69,2022-05-05 08:30:00,10,10,4,136,177,40,2022,5,18,2022_18,2022-05-05,Jeudi,08:30,False,9,16,56.2
70,2022-05-05 09:00:00,14,14,12,57,169,85,2022,5,18,2022_18,2022-05-05,Jeudi,09:00,False,21,30,70.0
71,2022-05-05 09:30:00,10,10,10,19,268,100,2022,5,18,2022_18,2022-05-05,Jeudi,09:30,False,31,40,77.5
72,2022-05-05 10:00:00,10,10,7,58,226,70,2022,5,18,2022_18,2022-05-05,Jeudi,10:00,False,38,50,76.0
73,2022-05-05 10:30:00,16,16,13,69,234,81,2022,5,18,2022_18,2022-05-05,Jeudi,10:30,False,51,66,77.3
74,2022-05-05 11:00:00,19,19,17,50,169,89,2022,5,18,2022_18,2022-05-05,Jeudi,11:00,False,68,85,80.0
75,2022-05-05 11:30:00,14,14,14,23,277,100,2022,5,18,2022_18,2022-05-05,Jeudi,11:30,False,82,99,82.8
76,2022-05-05 12:00:00,15,15,14,34,237,93,2022,5,18,2022_18,2022-05-05,Jeudi,12:00,False,96,114,84.2
77,2022-05-05 12:30:00,11,11,11,26,179,100,2022,5,18,2022_18,2022-05-05,Jeudi,12:30,False,107,125,85.6
78,2022-05-05 13:00:00,10,10,7,72,203,70,2022,5,18,2022_18,2022-05-05,Jeudi,13:00,False,114,135,84.4
79,2022-05-05 13:30:00,10,10,8,54,206,80,2022,5,18,2022_18,2022-05-05,Jeudi,13:30,False,122,145,84.1
80,2022-05-05 14:00:00,9,9,9,26,204,100,2022,5,18,2022_18,2022-05-05,Jeudi,14:00,False,131,154,85.1
81,2022-05-05 14:30:00,12,12,12,30,182,100,2022,5,18,2022_18,2022-05-05,Jeudi,14:30,False,143,166,86.1
82,2022-05-05 15:00:00,15,15,15,27,162,100,2022,5,18,2022_18,2022-05-05,Jeudi,15:00,False,158,181,87.3
83,2022-05-05 15:30:00,4,4,4,20,268,100,2022,5,18,2022_18,2022-05-05,Jeudi,15:30,False,162,185,87.6
84,2022-05-05 16:00:00,9,9,8,46,315,88,2022,5,18,2022_18,2022-05-05,Jeudi,16:00,False,170,194,87.6
85,2022-05-05 16:30:00,5,5,5,20,192,100,2022,5,18,2022_18,2022-05-05,Jeudi,16:30,False,175,199,87.9
86,2022-05-05 17:00:00,6,6,5,59,227,83,2022,5,18,2022_18,2022-05-05,Jeudi,17:00,False,180,205,87.8
87,2022-05-05 17:30:00,4,4,4,36,161,100,2022,5,18,2022_18,2022-05-05,Jeudi,17:30,False,184,209,88.0
88,2022-05-05 18:00:00,2,2,1,138,109,50,2022,5,18,2022_18,2022-05-05,Jeudi,18:00,False,185,211,87.7
89,2022-05-05 18:30:00,1,1,1,18,98,100,2022,5,18,2022_18,2022-05-05,Jeudi,18:30,False,186,212,87.7
90,2022-05-05 19:30:00,1,1,1,19,606,100,2022,5,18,2022_18,2022-05-05,Jeudi,19:30,False,187,213,87.8
91,2022-05-06 08:00:00,2,2,2,18,371,100,2022,5,18,2022_18,2022-05-06,Vendredi,08:00,False,2,2,100.0
92,2022-05-06 08:30:00,7,6,6,18,195,100,2022,5,18,2022_18,2022-05-06,Vendredi,08:30,False,8,8,100.0
93,2022-05-06 09:00:00,11,11,11,18,258,100,2022,5,18,2022_18,2022-05-06,Vendredi,09:00,False,19,19,100.0
94,2022-05-06 09:30:00,9,9,9,18,192,100,2022,5,18,2022_18,2022-05-06,Vendredi,09:30,False,28,28,100.0
95,2022-05-06 10:00:00,6,6,6,21,211,100,2022,5,18,2022_18,2022-05-06,Vendredi,10:00,False,34,34,100.0
96,2022-05-06 10:30:00,15,15,11,58,234,73,2022,5,18,2022_18,2022-05-06,Vendredi,10:30,False,45,49,91.8
97,2022-05-06 11:00:00,10,10,10,19,269,100,2022,5,18,2022_18,2022-05-06,Vendredi,11:00,False,55,59,93.2
98,2022-05-06 11:30:00,11,11,11,19,197,100,2022,5,18,2022_18,2022-05-06,Vendredi,11:30,False,66,70,94.3
99,2022-05-06 12:00:00,13,13,12,26,279,92,2022,5,18,2022_18,2022-05-06,Vendredi,12:00,False,78,83,94.0
100,2022-05-06 12:30:00,6,6,6,19,247,100,2022,5,18,2022_18,2022-05-06,Vendredi,12:30,False,84,89,94.4
101,2022-05-06 13:00:00,11,10,8,53,186,80,2022,5,18,2022_18,2022-05-06,Vendredi,13:00,False,92,99,92.9
102,2022-05-06 13:30:00,9,9,9,18,228,100,2022,5,18,2022_18,2022-05-06,Vendredi,13:30,False,101,108,93.5
103,2022-05-06 14:00:00,11,11,9,41,205,81,2022,5,18,2022_18,2022-05-06,Vendredi,14:00,False,110,119,92.4
104,2022-05-06 14:30:00,11,11,11,35,229,100,2022,5,18,2022_18,2022-05-06,Vendredi,14:30,False,121,130,93.1
105,2022-05-06 15:00:00,11,11,3,127,209,27,2022,5,18,2022_18,2022-05-06,Vendredi,15:00,False,124,141,87.9
106,2022-05-06 15:30:00,7,7,7,21,217,100,2022,5,18,2022_18,2022-05-06,Vendredi,15:30,False,131,148,88.5
107,2022-05-06 16:00:00,3,3,3,20,320,100,2022,5,18,2022_18,2022-05-06,Vendredi,16:00,False,134,151,88.7
108,2022-05-06 16:30:00,4,4,4,18,189,100,2022,5,18,2022_18,2022-05-06,Vendredi,16:30,False,138,155,89.0
109,2022-05-06 17:00:00,8,8,3,159,184,37,2022,5,18,2022_18,2022-05-06,Vendredi,17:00,False,141,163,86.5
110,2022-05-06 17:30:00,4,4,4,20,115,100,2022,5,18,2022_18,2022-05-06,Vendredi,17:30,False,145,167,86.8
111,2022-05-06 18:00:00,4,4,2,114,150,50,2022,5,18,2022_18,2022-05-06,Vendredi,18:00,False,147,171,86.0
112,2022-05-06 19:00:00,1,1,1,18,118,100,2022,5,18,2022_18,2022-05-06,Vendredi,19:00,False,148,172,86.0
113,2022-05-09 08:00:00,5,5,2,143,241,40,2022,5,19,2022_19,2022-05-09,Lundi,08:00,False,2,5,40.0
114,2022-05-09 08:30:00,6,6,6,18,197,100,2022,5,19,2022_19,2022-05-09,Lundi,08:30,False,8,11,72.7
115,2022-05-09 09:00:00,5,5,5,18,180,100,2022,5,19,2022_19,2022-05-09,Lundi,09:00,False,13,16,81.2
116,2022-05-09 09:30:00,11,11,11,19,176,100,2022,5,19,2022_19,2022-05-09,Lundi,09:30,False,24,27,88.9
117,2022-05-09 10:00:00,15,15,15,36,177,100,2022,5,19,2022_19,2022-05-09,Lundi,10:00,False,39,42,92.9
118,2022-05-09 10:30:00,15,15,13,39,184,86,2022,5,19,2022_19,2022-05-09,Lundi,10:30,False,52,57,91.2
119,2022-05-09 11:00:00,17,17,8,89,205,47,2022,5,19,2022_19,2022-05-09,Lundi,11:00,False,60,74,81.1
120,2022-05-09 11:30:00,12,12,11,27,185,91,2022,5,19,2022_19,2022-05-09,Lundi,11:30,False,71,86,82.6
121,2022-05-09 12:00:00,4,4,3,52,238,75,2022,5,19,2022_19,2022-05-09,Lundi,12:00,False,74,90,82.2
122,2022-05-09 12:30:00,14,14,13,39,183,92,2022,5,19,2022_19,2022-05-09,Lundi,12:30,False,87,104,83.7
123,2022-05-09 13:00:00,9,9,9,27,192,100,2022,5,19,2022_19,2022-05-09,Lundi,13:00,False,96,113,85.0
124,2022-05-09 13:30:00,11,11,11,18,214,100,2022,5,19,2022_19,2022-05-09,Lundi,13:30,False,107,124,86.3
125,2022-05-09 14:00:00,8,8,7,35,176,87,2022,5,19,2022_19,2022-05-09,Lundi,14:00,False,114,132,86.4
126,2022-05-09 14:30:00,10,10,8,53,190,80,2022,5,19,2022_19,2022-05-09,Lundi,14:30,False,122,142,85.9
127,2022-05-09 15:00:00,16,16,16,19,157,100,2022,5,19,2022_19,2022-05-09,Lundi,15:00,False,138,158,87.3
128,2022-05-09 15:30:00,13,12,12,17,221,100,2022,5,19,2022_19,2022-05-09,Lundi,15:30,False,150,170,88.2
129,2022-05-09 16:00:00,5,5,5,19,138,100,2022,5,19,2022_19,2022-05-09,Lundi,16:00,False,155,175,88.6
130,2022-05-09 16:30:00,6,6,6,18,228,100,2022,5,19,2022_19,2022-05-09,Lundi,16:30,False,161,181,89.0
131,2022-05-09 17:00:00,8,8,8,21,144,100,2022,5,19,2022_19,2022-05-09,Lundi,17:00,False,169,189,89.4
132,2022-05-09 17:30:00,4,4,2,116,450,50,2022,5,19,2022_19,2022-05-09,Lundi,17:30,False,171,193,88.6
133,2022-05-09 18:00:00,5,5,4,59,276,80,2022,5,19,2022_19,2022-05-09,Lundi,18:00,False,175,198,88.4
134,2022-05-09 18:30:00,4,4,3,118,114,75,2022,5,19,2022_19,2022-05-09,Lundi,18:30,False,178,202,88.1
135,2022-05-09 19:00:00,1,1,1,18,187,100,2022,5,19,2022_19,2022-05-09,Lundi,19:00,False,179,203,88.2
136,2022-05-10 08:00:00,2,2,2,18,193,100,2022,5,19,2022_19,2022-05-10,Mardi,08:00,False,2,2,100.0
137,2022-05-10 08:30:00,5,5,5,21,195,100,2022,5,19,2022_19,2022-05-10,Mardi,08:30,False,7,7,100.0
138,2022-05-10 09:00:00,8,8,5,85,200,62,2022,5,19,2022_19,2022-05-10,Mardi,09:00,False,12,15,80.0
139,2022-05-10 09:30:00,7,7,7,22,174,100,2022,5,19,2022_19,2022-05-10,Mardi,09:30,False,19,22,86.4
140,2022-05-10 10:00:00,19,19,18,30,195,94,2022,5,19,2022_19,2022-05-10,Mardi,10:00,False,37,41,90.2
141,2022-05-10 10:30:00,12,12,8,55,136,66,2022,5,19,2022_19,2022-05-10,Mardi,10:30,False,45,53,84.9
142,2022-05-10 11:00:00,16,16,14,36,219,87,2022,5,19,2022_19,2022-05-10,Mardi,11:00,False,59,69,85.5
143,2022-05-10 11:30:00,16,16,14,32,195,87,2022,5,19,2022_19,2022-05-10,Mardi,11:30,False,73,85,85.9
144,2022-05-10 12:00:00,5,5,5,18,227,100,2022,5,19,2022_19,2022-05-10,Mardi,12:00,False,78,90,86.7
145,2022-05-10 12:30:00,14,14,11,54,215,78,2022,5,19,2022_19,2022-05-10,Mardi,12:30,False,89,104,85.6
146,2022-05-10 13:00:00,5,5,5,19,330,100,2022,5,19,2022_19,2022-05-10,Mardi,13:00,False,94,109,86.2
147,2022-05-10 13:30:00,10,10,9,26,194,90,2022,5,19,2022_19,2022-05-10,Mardi,13:30,False,103,119,86.6
148,2022-05-10 14:00:00,13,13,7,128,192,53,2022,5,19,2022_19,2022-05-10,Mardi,14:00,False,110,132,83.3
149,2022-05-10 14:30:00,13,13,6,106,311,46,2022,5,19,2022_19,2022-05-10,Mardi,14:30,False,116,145,80.0
150,2022-05-10 15:00:00,14,14,2,180,235,14,2022,5,19,2022_19,2022-05-10,Mardi,15:00,False,118,159,74.2
151,2022-05-10 15:30:00,14,14,13,30,186,92,2022,5,19,2022_19,2022-05-10,Mardi,15:30,False,131,173,75.7
152,2022-05-10 16:00:00,9,8,8,16,188,100,2022,5,19,2022_19,2022-05-10,Mardi,16:00,False,139,181,76.8
153,2022-05-10 16:30:00,4,4,4,18,248,100,2022,5,19,2022_19,2022-05-10,Mardi,16:30,False,143,185,77.3
154,2022-05-10 17:00:00,7,7,4,173,131,57,2022,5,19,2022_19,2022-05-10,Mardi,17:00,False,147,192,76.6
155,2022-05-10 17:30:00,3,3,2,77,219,66,2022,5,19,2022_19,2022-05-10,Mardi,17:30,False,149,195,76.4
156,2022-05-10 18:00:00,6,6,4,69,171,66,2022,5,19,2022_19,2022-05-10,Mardi,18:00,False,153,201,76.1
157,2022-05-10 18:30:00,2,2,1,73,263,50,2022,5,19,2022_19,2022-05-10,Mardi,18:30,False,154,203,75.9
158,2022-05-10 19:00:00,4,4,2,86,176,50,2022,5,19,2022_19,2022-05-10,Mardi,19:00,False,156,207,75.4
159,2022-05-11 08:00:00,5,5,4,45,219,80,2022,5,19,2022_19,2022-05-11,Mercredi,08:00,False,4,5,80.0
160,2022-05-11 08:30:00,11,11,11,23,225,100,2022,5,19,2022_19,2022-05-11,Mercredi,08:30,False,15,16,93.8
161,2022-05-11 09:00:00,8,8,7,33,275,87,2022,5,19,2022_19,2022-05-11,Mercredi,09:00,False,22,24,91.7
162,2022-05-11 09:30:00,8,8,8,18,176,100,2022,5,19,2022_19,2022-05-11,Mercredi,09:30,False,30,32,93.8
163,2022-05-11 10:00:00,14,14,12,34,209,85,2022,5,19,2022_19,2022-05-11,Mercredi,10:00,False,42,46,91.3
164,2022-05-11 10:30:00,14,14,8,74,193,57,2022,5,19,2022_19,2022-05-11,Mercredi,10:30,False,50,60,83.3
165,2022-05-11 11:00:00,14,14,10,57,212,71,2022,5,19,2022_19,2022-05-11,Mercredi,11:00,False,60,74,81.1
166,2022-05-11 11:30:00,15,15,15,21,214,100,2022,5,19,2022_19,2022-05-11,Mercredi,11:30,False,75,89,84.3
167,2022-05-11 12:00:00,10,10,9,45,246,90,2022,5,19,2022_19,2022-05-11,Mercredi,12:00,False,84,99,84.8
168,2022-05-11 12:30:00,16,16,16,33,201,100,2022,5,19,2022_19,2022-05-11,Mercredi,12:30,False,100,115,87.0
169,2022-05-11 13:00:00,16,16,12,42,233,75,2022,5,19,2022_19,2022-05-11,Mercredi,13:00,False,112,131,85.5
170,2022-05-11 13:30:00,8,8,6,71,198,75,2022,5,19,2022_19,2022-05-11,Mercredi,13:30,False,118,139,84.9
171,2022-05-11 14:00:00,13,13,12,37,240,92,2022,5,19,2022_19,2022-05-11,Mercredi,14:00,False,130,152,85.5
172,2022-05-11 14:30:00,17,17,10,120,148,58,2022,5,19,2022_19,2022-05-11,Mercredi,14:30,False,140,169,82.8
173,2022-05-11 15:00:00,10,10,10,23,249,100,2022,5,19,2022_19,2022-05-11,Mercredi,15:00,False,150,179,83.8
174,2022-05-11 15:30:00,19,18,18,18,209,100,2022,5,19,2022_19,2022-05-11,Mercredi,15:30,False,168,197,85.3
175,2022-05-11 16:00:00,7,7,7,19,190,100,2022,5,19,2022_19,2022-05-11,Mercredi,16:00,False,175,204,85.8
176,2022-05-11 16:30:00,7,7,7,19,197,100,2022,5,19,2022_19,2022-05-11,Mercredi,16:30,False,182,211,86.3
177,2022-05-11 17:00:00,8,8,6,86,118,75,2022,5,19,2022_19,2022-05-11,Mercredi,17:00,False,188,219,85.8
178,2022-05-11 17:30:00,4,4,3,75,184,75,2022,5,19,2022_19,2022-05-11,Mercredi,17:30,False,191,223,85.7
179,2022-05-11 18:00:00,5,5,4,68,186,80,2022,5,19,2022_19,2022-05-11,Mercredi,18:00,False,195,228,85.5
180,2022-05-11 18:30:00,2,2,2,19,143,100,2022,5,19,2022_19,2022-05-11,Mercredi,18:30,False,197,230,85.7
181,2022-05-11 19:00:00,1,1,1,18,122,100,2022,5,19,2022_19,2022-05-11,Mercredi,19:00,False,198,231,85.7
182,2022-05-12 08:30:00,4,4,4,19,234,100,2022,5,19,2022_19,2022-05-12,Jeudi,08:30,False,4,4,100.0
183,2022-05-12 09:00:00,8,8,8,18,189,100,2022,5,19,2022_19,2022-05-12,Jeudi,09:00,False,12,12,100.0
184,2022-05-12 09:30:00,7,7,7,18,176,100,2022,5,19,2022_19,2022-05-12,Jeudi,09:30,False,19,19,100.0
185,2022-05-12 10:00:00,5,5,5,18,346,100,2022,5,19,2022_19,2022-05-12,Jeudi,10:00,False,24,24,100.0
186,2022-05-12 10:30:00,16,16,7,102,240,43,2022,5,19,2022_19,2022-05-12,Jeudi,10:30,False,31,40,77.5
187,2022-05-12 11:00:00,15,14,12,52,260,85,2022,5,19,2022_19,2022-05-12,Jeudi,11:00,False,43,54,79.6
188,2022-05-12 11:30:00,10,10,10,18,235,100,2022,5,19,2022_19,2022-05-12,Jeudi,11:30,False,53,64,82.8
189,2022-05-12 12:00:00,17,17,5,145,202,29,2022,5,19,2022_19,2022-05-12,Jeudi,12:00,False,58,81,71.6
190,2022-05-12 12:30:00,15,15,9,91,227,60,2022,5,19,2022_19,2022-05-12,Jeudi,12:30,False,67,96,69.8
191,2022-05-12 13:00:00,3,3,3,18,161,100,2022,5,19,2022_19,2022-05-12,Jeudi,13:00,False,70,99,70.7
192,2022-05-12 13:30:00,17,17,6,261,295,35,2022,5,19,2022_19,2022-05-12,Jeudi,13:30,False,76,116,65.5
193,2022-05-12 14:00:00,17,17,10,116,276,58,2022,5,19,2022_19,2022-05-12,Jeudi,14:00,False,86,133,64.7
194,2022-05-12 14:30:00,14,14,7,89,250,50,2022,5,19,2022_19,2022-05-12,Jeudi,14:30,False,93,147,63.3
195,2022-05-12 15:00:00,8,8,8,18,218,100,2022,5,19,2022_19,2022-05-12,Jeudi,15:00,False,101,155,65.2
196,2022-05-12 15:30:00,4,4,4,25,250,100,2022,5,19,2022_19,2022-05-12,Jeudi,15:30,False,105,159,66.0
197,2022-05-12 16:00:00,8,8,4,123,204,50,2022,5,19,2022_19,2022-05-12,Jeudi,16:00,False,109,167,65.3
198,2022-05-12 16:30:00,6,6,6,19,221,100,2022,5,19,2022_19,2022-05-12,Jeudi,16:30,False,115,173,66.5
199,2022-05-12 17:00:00,10,10,10,28,184,100,2022,5,19,2022_19,2022-05-12,Jeudi,17:00,False,125,183,68.3
200,2022-05-12 17:30:00,9,9,9,19,105,100,2022,5,19,2022_19,2022-05-12,Jeudi,17:30,False,134,192,69.8
201,2022-05-12 18:00:00,2,2,2,19,197,100,2022,5,19,2022_19,2022-05-12,Jeudi,18:00,False,136,194,70.1
202,2022-05-12 18:30:00,6,6,4,73,232,66,2022,5,19,2022_19,2022-05-12,Jeudi,18:30,False,140,200,70.0
203,2022-05-12 19:00:00,3,3,3,22,218,100,2022,5,19,2022_19,2022-05-12,Jeudi,19:00,False,143,203,70.4
204,2022-05-12 19:30:00,2,2,2,18,39,100,2022,5,19,2022_19,2022-05-12,Jeudi,19:30,False,145,205,70.7
205,2022-05-13 08:00:00,4,4,4,22,213,100,2022,5,19,2022_19,2022-05-13,Vendredi,08:00,False,4,4,100.0
206,2022-05-13 08:30:00,8,8,8,23,334,100,2022,5,19,2022_19,2022-05-13,Vendredi,08:30,False,12,12,100.0
207,2022-05-13 09:00:00,8,8,8,21,149,100,2022,5,19,2022_19,2022-05-13,Vendredi,09:00,False,20,20,100.0
208,2022-05-13 09:30:00,6,6,6,18,169,100,2022,5,19,2022_19,2022-05-13,Vendredi,09:30,False,26,26,100.0
209,2022-05-13 10:00:00,13,12,6,126,206,50,2022,5,19,2022_19,2022-05-13,Vendredi,10:00,False,32,38,84.2
210,2022-05-13 10:30:00,19,19,3,310,221,15,2022,5,19,2022_19,2022-05-13,Vendredi,10:30,False,35,57,61.4
211,2022-05-13 11:00:00,8,8,8,31,133,100,2022,5,19,2022_19,2022-05-13,Vendredi,11:00,False,43,65,66.2
212,2022-05-13 11:30:00,17,17,17,18,169,100,2022,5,19,2022_19,2022-05-13,Vendredi,11:30,False,60,82,73.2
213,2022-05-13 12:00:00,9,9,9,19,199,100,2022,5,19,2022_19,2022-05-13,Vendredi,12:00,False,69,91,75.8
214,2022-05-13 12:30:00,12,12,11,36,245,91,2022,5,19,2022_19,2022-05-13,Vendredi,12:30,False,80,103,77.7
215,2022-05-13 13:00:00,13,13,13,24,189,100,2022,5,19,2022_19,2022-05-13,Vendredi,13:00,False,93,116,80.2
216,2022-05-13 13:30:00,12,12,10,46,250,83,2022,5,19,2022_19,2022-05-13,Vendredi,13:30,False,103,128,80.5
217,2022-05-13 14:00:00,11,11,11,24,225,100,2022,5,19,2022_19,2022-05-13,Vendredi,14:00,False,114,139,82.0
218,2022-05-13 14:30:00,19,19,12,84,145,63,2022,5,19,2022_19,2022-05-13,Vendredi,14:30,False,126,158,79.7
219,2022-05-13 15:00:00,11,11,10,27,197,90,2022,5,19,2022_19,2022-05-13,Vendredi,15:00,False,136,169,80.5
220,2022-05-13 15:30:00,9,9,8,27,274,88,2022,5,19,2022_19,2022-05-13,Vendredi,15:30,False,144,178,80.9
221,2022-05-13 16:00:00,12,12,11,40,164,91,2022,5,19,2022_19,2022-05-13,Vendredi,16:00,False,155,190,81.6
222,2022-05-13 16:30:00,8,8,8,18,202,100,2022,5,19,2022_19,2022-05-13,Vendredi,16:30,False,163,198,82.3
223,2022-05-13 17:00:00,1,1,1,19,363,100,2022,5,19,2022_19,2022-05-13,Vendredi,17:00,False,164,199,82.4
224,2022-05-13 17:30:00,5,5,4,59,173,80,2022,5,19,2022_19,2022-05-13,Vendredi,17:30,False,168,204,82.4
225,2022-05-13 18:30:00,7,7,7,22,57,100,2022,5,19,2022_19,2022-05-13,Vendredi,18:30,False,175,211,82.9
226,2022-05-13 19:00:00,2,2,2,18,99,100,2022,5,19,2022_19,2022-05-13,Vendredi,19:00,False,177,213,83.1
227,2022-05-16 08:00:00,4,4,4,18,297,100,2022,5,20,2022_20,2022-05-16,Lundi,08:00,False,4,4,100.0
228,2022-05-16 08:30:00,17,17,16,37,206,94,2022,5,20,2022_20,2022-05-16,Lundi,08:30,False,20,21,95.2
229,2022-05-16 09:00:00,12,12,9,46,231,75,2022,5,20,2022_20,2022-05-16,Lundi,09:00,False,29,33,87.9
230,2022-05-16 09:30:00,4,4,4,20,175,100,2022,5,20,2022_20,2022-05-16,Lundi,09:30,False,33,37,89.2
231,2022-05-16 10:00:00,13,13,13,22,199,100,2022,5,20,2022_20,2022-05-16,Lundi,10:00,False,46,50,92.0
232,2022-05-16 10:30:00,17,17,16,29,311,94,2022,5,20,2022_20,2022-05-16,Lundi,10:30,False,62,67,92.5
233,2022-05-16 11:00:00,15,15,14,36,210,93,2022,5,20,2022_20,2022-05-16,Lundi,11:00,False,76,82,92.7
234,2022-05-16 11:30:00,15,15,15,18,226,100,2022,5,20,2022_20,2022-05-16,Lundi,11:30,False,91,97,93.8
235,2022-05-16 12:00:00,14,14,14,19,256,100,2022,5,20,2022_20,2022-05-16,Lundi,12:00,False,105,111,94.6
236,2022-05-16 12:30:00,19,19,18,31,203,94,2022,5,20,2022_20,2022-05-16,Lundi,12:30,False,123,130,94.6
237,2022-05-16 13:00:00,11,11,11,18,224,100,2022,5,20,2022_20,2022-05-16,Lundi,13:00,False,134,141,95.0
238,2022-05-16 13:30:00,7,7,6,35,202,85,2022,5,20,2022_20,2022-05-16,Lundi,13:30,False,140,148,94.6
239,2022-05-16 14:00:00,16,16,8,101,231,50,2022,5,20,2022_20,2022-05-16,Lundi,14:00,False,148,164,90.2
240,2022-05-16 14:30:00,13,13,9,58,263,69,2022,5,20,2022_20,2022-05-16,Lundi,14:30,False,157,177,88.7
241,2022-05-16 15:00:00,17,17,5,209,253,29,2022,5,20,2022_20,2022-05-16,Lundi,15:00,False,162,194,83.5
242,2022-05-16 15:30:00,16,16,16,31,194,100,2022,5,20,2022_20,2022-05-16,Lundi,15:30,False,178,210,84.8
243,2022-05-16 16:00:00,6,6,6,42,199,100,2022,5,20,2022_20,2022-05-16,Lundi,16:00,False,184,216,85.2
244,2022-05-16 16:30:00,6,6,6,32,228,100,2022,5,20,2022_20,2022-05-16,Lundi,16:30,False,190,222,85.6
245,2022-05-16 17:00:00,9,9,6,74,142,66,2022,5,20,2022_20,2022-05-16,Lundi,17:00,False,196,231,84.8
246,2022-05-16 17:30:00,4,4,3,42,236,75,2022,5,20,2022_20,2022-05-16,Lundi,17:30,False,199,235,84.7
247,2022-05-16 18:00:00,2,2,2,36,95,100,2022,5,20,2022_20,2022-05-16,Lundi,18:00,False,201,237,84.8
248,2022-05-16 19:00:00,3,3,2,88,39,66,2022,5,20,2022_20,2022-05-16,Lundi,19:00,False,203,240,84.6
249,2022-05-17 08:00:00,1,1,1,19,187,100,2022,5,20,2022_20,2022-05-17,Mardi,08:00,False,1,1,100.0
250,2022-05-17 08:30:00,11,11,11,18,214,100,2022,5,20,2022_20,2022-05-17,Mardi,08:30,False,12,12,100.0
251,2022-05-17 09:00:00,14,14,11,41,206,78,2022,5,20,2022_20,2022-05-17,Mardi,09:00,False,23,26,88.5
252,2022-05-17 09:30:00,10,10,10,18,176,100,2022,5,20,2022_20,2022-05-17,Mardi,09:30,False,33,36,91.7
253,2022-05-17 10:00:00,14,14,11,54,147,78,2022,5,20,2022_20,2022-05-17,Mardi,10:00,False,44,50,88.0
254,2022-05-17 10:30:00,13,13,13,23,189,100,2022,5,20,2022_20,2022-05-17,Mardi,10:30,False,57,63,90.5
255,2022-05-17 11:00:00,18,18,14,73,180,77,2022,5,20,2022_20,2022-05-17,Mardi,11:00,False,71,81,87.7
256,2022-05-17 11:30:00,17,17,10,86,228,58,2022,5,20,2022_20,2022-05-17,Mardi,11:30,False,81,98,82.7
257,2022-05-17 12:00:00,12,12,11,28,218,91,2022,5,20,2022_20,2022-05-17,Mardi,12:00,False,92,110,83.6
258,2022-05-17 12:30:00,10,10,10,24,163,100,2022,5,20,2022_20,2022-05-17,Mardi,12:30,False,102,120,85.0
259,2022-05-17 13:00:00,7,7,5,68,220,71,2022,5,20,2022_20,2022-05-17,Mardi,13:00,False,107,127,84.3
260,2022-05-17 13:30:00,13,13,11,43,181,84,2022,5,20,2022_20,2022-05-17,Mardi,13:30,False,118,140,84.3
261,2022-05-17 14:30:00,19,19,11,120,183,57,2022,5,20,2022_20,2022-05-17,Mardi,14:30,False,129,159,81.1
262,2022-05-17 15:00:00,9,9,9,26,234,100,2022,5,20,2022_20,2022-05-17,Mardi,15:00,False,138,168,82.1
263,2022-05-17 15:30:00,9,8,8,20,151,100,2022,5,20,2022_20,2022-05-17,Mardi,15:30,False,146,176,83.0
264,2022-05-17 16:00:00,13,13,12,30,259,92,2022,5,20,2022_20,2022-05-17,Mardi,16:00,False,158,189,83.6
265,2022-05-17 16:30:00,4,3,3,20,137,100,2022,5,20,2022_20,2022-05-17,Mardi,16:30,False,161,192,83.9
266,2022-05-17 17:00:00,1,1,1,19,173,100,2022,5,20,2022_20,2022-05-17,Mardi,17:00,False,162,193,83.9
267,2022-05-17 17:30:00,1,1,1,18,288,100,2022,5,20,2022_20,2022-05-17,Mardi,17:30,False,163,194,84.0
268,2022-05-17 18:30:00,1,1,1,18,134,100,2022,5,20,2022_20,2022-05-17,Mardi,18:30,False,164,195,84.1
269,2022-05-17 19:00:00,2,2,2,19,245,100,2022,5,20,2022_20,2022-05-17,Mardi,19:00,False,166,197,84.3
270,2022-05-18 08:00:00,3,3,2,51,425,66,2022,5,20,2022_20,2022-05-18,Mercredi,08:00,False,2,3,66.7
271,2022-05-18 08:30:00,8,8,1,207,218,12,2022,5,20,2022_20,2022-05-18,Mercredi,08:30,False,3,11,27.3
272,2022-05-18 09:00:00,14,14,2,251,211,14,2022,5,20,2022_20,2022-05-18,Mercredi,09:00,False,5,25,20.0
273,2022-05-18 09:30:00,11,11,9,56,195,81,2022,5,20,2022_20,2022-05-18,Mercredi,09:30,False,14,36,38.9
274,2022-05-18 10:00:00,14,14,8,87,232,57,2022,5,20,2022_20,2022-05-18,Mercredi,10:00,False,22,50,44.0
275,2022-05-18 10:30:00,18,18,9,124,183,50,2022,5,20,2022_20,2022-05-18,Mercredi,10:30,False,31,68,45.6
276,2022-05-18 11:00:00,18,18,17,30,209,94,2022,5,20,2022_20,2022-05-18,Mercredi,11:00,False,48,86,55.8
277,2022-05-18 11:30:00,16,16,16,21,179,100,2022,5,20,2022_20,2022-05-18,Mercredi,11:30,False,64,102,62.7
278,2022-05-18 12:00:00,9,9,5,83,291,55,2022,5,20,2022_20,2022-05-18,Mercredi,12:00,False,69,111,62.2
279,2022-05-18 12:30:00,19,19,17,40,243,89,2022,5,20,2022_20,2022-05-18,Mercredi,12:30,False,86,130,66.2
280,2022-05-18 13:00:00,13,13,9,62,226,69,2022,5,20,2022_20,2022-05-18,Mercredi,13:00,False,95,143,66.4
281,2022-05-18 13:30:00,11,11,11,21,330,100,2022,5,20,2022_20,2022-05-18,Mercredi,13:30,False,106,154,68.8
282,2022-05-18 14:00:00,12,12,12,28,258,100,2022,5,20,2022_20,2022-05-18,Mercredi,14:00,False,118,166,71.1
283,2022-05-18 14:30:00,22,21,18,46,239,85,2022,5,20,2022_20,2022-05-18,Mercredi,14:30,False,136,187,72.7
284,2022-05-18 15:00:00,11,11,11,20,196,100,2022,5,20,2022_20,2022-05-18,Mercredi,15:00,False,147,198,74.2
285,2022-05-18 15:30:00,11,11,11,20,209,100,2022,5,20,2022_20,2022-05-18,Mercredi,15:30,False,158,209,75.6
286,2022-05-18 16:00:00,8,8,8,18,322,100,2022,5,20,2022_20,2022-05-18,Mercredi,16:00,False,166,217,76.5
287,2022-05-18 16:30:00,7,7,6,45,244,85,2022,5,20,2022_20,2022-05-18,Mercredi,16:30,False,172,224,76.8
288,2022-05-18 17:00:00,7,7,5,85,121,71,2022,5,20,2022_20,2022-05-18,Mercredi,17:00,False,177,231,76.6
289,2022-05-18 18:00:00,3,3,2,80,134,66,2022,5,20,2022_20,2022-05-18,Mercredi,18:00,False,179,234,76.5
290,2022-05-18 18:30:00,2,2,2,30,212,100,2022,5,20,2022_20,2022-05-18,Mercredi,18:30,False,181,236,76.7
291,2022-05-18 19:00:00,4,4,4,24,72,100,2022,5,20,2022_20,2022-05-18,Mercredi,19:00,False,185,240,77.1
292,2022-05-18 19:30:00,4,4,4,18,128,100,2022,5,20,2022_20,2022-05-18,Mercredi,19:30,False,189,244,77.5
293,2022-05-19 08:00:00,4,4,4,19,291,100,2022,5,20,2022_20,2022-05-19,Jeudi,08:00,False,4,4,100.0
294,2022-05-19 08:30:00,10,10,10,18,201,100,2022,5,20,2022_20,2022-05-19,Jeudi,08:30,False,14,14,100.0
295,2022-05-19 09:00:00,14,14,14,24,237,100,2022,5,20,2022_20,2022-05-19,Jeudi,09:00,False,28,28,100.0
296,2022-05-19 09:30:00,13,13,13,19,178,100,2022,5,20,2022_20,2022-05-19,Jeudi,09:30,False,41,41,100.0
297,2022-05-19 10:00:00,8,7,7,19,210,100,2022,5,20,2022_20,2022-05-19,Jeudi,10:00,False,48,48,100.0
298,2022-05-19 10:30:00,15,15,14,43,305,93,2022,5,20,2022_20,2022-05-19,Jeudi,10:30,False,62,63,98.4
299,2022-05-19 11:00:00,19,19,17,54,214,89,2022,5,20,2022_20,2022-05-19,Jeudi,11:00,False,79,82,96.3
300,2022-05-19 11:30:00,15,15,15,22,197,100,2022,5,20,2022_20,2022-05-19,Jeudi,11:30,False,94,97,96.9
301,2022-05-19 12:00:00,13,13,12,40,289,92,2022,5,20,2022_20,2022-05-19,Jeudi,12:00,False,106,110,96.4
302,2022-05-19 12:30:00,11,11,11,18,205,100,2022,5,20,2022_20,2022-05-19,Jeudi,12:30,False,117,121,96.7
303,2022-05-19 13:00:00,14,14,14,23,204,100,2022,5,20,2022_20,2022-05-19,Jeudi,13:00,False,131,135,97.0
304,2022-05-19 13:30:00,11,11,11,39,176,100,2022,5,20,2022_20,2022-05-19,Jeudi,13:30,False,142,146,97.3
305,2022-05-19 14:00:00,11,9,9,22,256,100,2022,5,20,2022_20,2022-05-19,Jeudi,14:00,False,151,155,97.4
306,2022-05-19 14:30:00,15,15,14,24,198,93,2022,5,20,2022_20,2022-05-19,Jeudi,14:30,False,165,170,97.1
307,2022-05-19 15:00:00,10,10,10,36,288,100,2022,5,20,2022_20,2022-05-19,Jeudi,15:00,False,175,180,97.2
308,2022-05-19 15:30:00,7,7,6,39,135,85,2022,5,20,2022_20,2022-05-19,Jeudi,15:30,False,181,187,96.8
309,2022-05-19 16:00:00,7,7,6,51,168,85,2022,5,20,2022_20,2022-05-19,Jeudi,16:00,False,187,194,96.4
310,2022-05-19 16:30:00,11,11,11,19,197,100,2022,5,20,2022_20,2022-05-19,Jeudi,16:30,False,198,205,96.6
311,2022-05-19 17:00:00,3,3,1,222,195,33,2022,5,20,2022_20,2022-05-19,Jeudi,17:00,False,199,208,95.7
312,2022-05-19 17:30:00,4,4,1,135,275,25,2022,5,20,2022_20,2022-05-19,Jeudi,17:30,False,200,212,94.3
313,2022-05-20 08:30:00,7,7,6,44,243,85,2022,5,20,2022_20,2022-05-20,Vendredi,08:30,False,6,7,85.7
314,2022-05-20 09:00:00,14,14,5,117,242,35,2022,5,20,2022_20,2022-05-20,Vendredi,09:00,False,11,21,52.4
315,2022-05-20 09:30:00,5,5,4,63,228,80,2022,5,20,2022_20,2022-05-20,Vendredi,09:30,False,15,26,57.7
316,2022-05-20 10:00:00,11,11,1,237,243,9,2022,5,20,2022_20,2022-05-20,Vendredi,10:00,False,16,37,43.2
317,2022-05-20 10:30:00,21,21,4,196,160,19,2022,5,20,2022_20,2022-05-20,Vendredi,10:30,False,20,58,34.5
318,2022-05-20 11:00:00,14,14,12,48,239,85,2022,5,20,2022_20,2022-05-20,Vendredi,11:00,False,32,72,44.4
319,2022-05-20 11:30:00,18,17,10,93,206,58,2022,5,20,2022_20,2022-05-20,Vendredi,11:30,False,42,89,47.2
320,2022-05-20 12:00:00,10,10,10,27,209,100,2022,5,20,2022_20,2022-05-20,Vendredi,12:00,False,52,99,52.5
321,2022-05-20 12:30:00,18,17,13,48,202,76,2022,5,20,2022_20,2022-05-20,Vendredi,12:30,False,65,116,56.0
322,2022-05-20 13:00:00,13,13,12,40,186,92,2022,5,20,2022_20,2022-05-20,Vendredi,13:00,False,77,129,59.7
323,2022-05-20 13:30:00,13,13,13,18,179,100,2022,5,20,2022_20,2022-05-20,Vendredi,13:30,False,90,142,63.4
324,2022-05-20 14:00:00,18,18,12,76,181,66,2022,5,20,2022_20,2022-05-20,Vendredi,14:00,False,102,160,63.7
325,2022-05-20 14:30:00,15,15,9,80,305,60,2022,5,20,2022_20,2022-05-20,Vendredi,14:30,False,111,175,63.4
326,2022-05-20 15:00:00,7,7,7,19,245,100,2022,5,20,2022_20,2022-05-20,Vendredi,15:00,False,118,182,64.8
327,2022-05-20 15:30:00,14,14,14,24,183,100,2022,5,20,2022_20,2022-05-20,Vendredi,15:30,False,132,196,67.3
328,2022-05-20 16:00:00,9,9,9,25,335,100,2022,5,20,2022_20,2022-05-20,Vendredi,16:00,False,141,205,68.8
329,2022-05-20 16:30:00,8,6,6,21,140,100,2022,5,20,2022_20,2022-05-20,Vendredi,16:30,False,147,211,69.7
330,2022-05-20 17:00:00,4,4,3,109,231,75,2022,5,20,2022_20,2022-05-20,Vendredi,17:00,False,150,215,69.8
331,2022-05-20 17:30:00,4,4,2,80,238,50,2022,5,20,2022_20,2022-05-20,Vendredi,17:30,False,152,219,69.4
332,2022-05-20 18:00:00,5,5,5,21,99,100,2022,5,20,2022_20,2022-05-20,Vendredi,18:00,False,157,224,70.1
333,2022-05-20 18:30:00,2,2,2,19,127,100,2022,5,20,2022_20,2022-05-20,Vendredi,18:30,False,159,226,70.4
334,2022-05-23 08:00:00,3,3,3,18,241,100,2022,5,21,2022_21,2022-05-23,Lundi,08:00,False,3,3,100.0
335,2022-05-23 08:30:00,14,14,7,92,209,50,2022,5,21,2022_21,2022-05-23,Lundi,08:30,False,10,17,58.8
336,2022-05-23 09:00:00,14,14,10,48,175,71,2022,5,21,2022_21,2022-05-23,Lundi,09:00,False,20,31,64.5
337,2022-05-23 09:30:00,13,12,11,42,264,91,2022,5,21,2022_21,2022-05-23,Lundi,09:30,False,31,43,72.1
338,2022-05-23 10:00:00,21,21,18,46,186,85,2022,5,21,2022_21,2022-05-23,Lundi,10:00,False,49,64,76.6
339,2022-05-23 10:30:00,22,22,20,44,180,90,2022,5,21,2022_21,2022-05-23,Lundi,10:30,False,69,86,80.2
340,2022-05-23 11:00:00,19,18,17,35,151,94,2022,5,21,2022_21,2022-05-23,Lundi,11:00,False,86,104,82.7
341,2022-05-23 11:30:00,22,21,18,38,194,85,2022,5,21,2022_21,2022-05-23,Lundi,11:30,False,104,125,83.2
342,2022-05-23 12:00:00,16,16,16,19,239,100,2022,5,21,2022_21,2022-05-23,Lundi,12:00,False,120,141,85.1
343,2022-05-23 12:30:00,11,11,11,22,193,100,2022,5,21,2022_21,2022-05-23,Lundi,12:30,False,131,152,86.2
344,2022-05-23 13:00:00,11,11,11,20,210,100,2022,5,21,2022_21,2022-05-23,Lundi,13:00,False,142,163,87.1
345,2022-05-23 13:30:00,14,13,12,27,206,92,2022,5,21,2022_21,2022-05-23,Lundi,13:30,False,154,176,87.5
346,2022-05-23 14:00:00,18,18,17,26,204,94,2022,5,21,2022_21,2022-05-23,Lundi,14:00,False,171,194,88.1
347,2022-05-23 14:30:00,12,12,7,62,228,58,2022,5,21,2022_21,2022-05-23,Lundi,14:30,False,178,206,86.4
348,2022-05-23 15:00:00,8,8,8,19,225,100,2022,5,21,2022_21,2022-05-23,Lundi,15:00,False,186,214,86.9
349,2022-05-23 15:30:00,8,8,8,19,141,100,2022,5,21,2022_21,2022-05-23,Lundi,15:30,False,194,222,87.4
350,2022-05-23 16:00:00,6,6,5,45,275,83,2022,5,21,2022_21,2022-05-23,Lundi,16:00,False,199,228,87.3
351,2022-05-23 16:30:00,3,3,3,18,162,100,2022,5,21,2022_21,2022-05-23,Lundi,16:30,False,202,231,87.4
352,2022-05-23 17:00:00,3,3,3,20,84,100,2022,5,21,2022_21,2022-05-23,Lundi,17:00,False,205,234,87.6
353,2022-05-23 17:30:00,4,4,4,19,126,100,2022,5,21,2022_21,2022-05-23,Lundi,17:30,False,209,238,87.8
354,2022-05-23 18:30:00,1,1,1,19,93,100,2022,5,21,2022_21,2022-05-23,Lundi,18:30,False,210,239,87.9
355,2022-05-24 08:00:00,4,4,4,27,269,100,2022,5,21,2022_21,2022-05-24,Mardi,08:00,False,4,4,100.0
356,2022-05-24 08:30:00,13,13,9,63,292,69,2022,5,21,2022_21,2022-05-24,Mardi,08:30,False,13,17,76.5
357,2022-05-24 09:00:00,9,9,9,24,211,100,2022,5,21,2022_21,2022-05-24,Mardi,09:00,False,22,26,84.6
358,2022-05-24 09:30:00,7,7,7,19,183,100,2022,5,21,2022_21,2022-05-24,Mardi,09:30,False,29,33,87.9
359,2022-05-24 10:00:00,15,15,7,123,233,46,2022,5,21,2022_21,2022-05-24,Mardi,10:00,False,36,48,75.0
360,2022-05-24 10:30:00,15,15,8,123,221,53,2022,5,21,2022_21,2022-05-24,Mardi,10:30,False,44,63,69.8
361,2022-05-24 11:00:00,20,20,20,19,247,100,2022,5,21,2022_21,2022-05-24,Mardi,11:00,False,64,83,77.1
362,2022-05-24 11:30:00,7,7,6,42,263,85,2022,5,21,2022_21,2022-05-24,Mardi,11:30,False,70,90,77.8
363,2022-05-24 12:00:00,16,16,11,57,202,68,2022,5,21,2022_21,2022-05-24,Mardi,12:00,False,81,106,76.4
364,2022-05-24 12:30:00,13,13,11,38,218,84,2022,5,21,2022_21,2022-05-24,Mardi,12:30,False,92,119,77.3
365,2022-05-24 13:00:00,16,16,16,26,226,100,2022,5,21,2022_21,2022-05-24,Mardi,13:00,False,108,135,80.0
366,2022-05-24 13:30:00,11,10,10,18,185,100,2022,5,21,2022_21,2022-05-24,Mardi,13:30,False,118,145,81.4
367,2022-05-24 14:00:00,13,13,8,93,198,61,2022,5,21,2022_21,2022-05-24,Mardi,14:00,False,126,158,79.7
368,2022-05-24 14:30:00,10,10,3,156,312,30,2022,5,21,2022_21,2022-05-24,Mardi,14:30,False,129,168,76.8
369,2022-05-24 15:00:00,16,16,13,43,237,81,2022,5,21,2022_21,2022-05-24,Mardi,15:00,False,142,184,77.2
370,2022-05-24 15:30:00,10,10,9,45,286,90,2022,5,21,2022_21,2022-05-24,Mardi,15:30,False,151,194,77.8
371,2022-05-24 16:00:00,4,4,4,22,253,100,2022,5,21,2022_21,2022-05-24,Mardi,16:00,False,155,198,78.3
372,2022-05-24 16:30:00,2,2,2,18,187,100,2022,5,21,2022_21,2022-05-24,Mardi,16:30,False,157,200,78.5
373,2022-05-24 17:00:00,3,3,3,27,237,100,2022,5,21,2022_21,2022-05-24,Mardi,17:00,False,160,203,78.8
374,2022-05-24 17:30:00,5,5,3,87,183,60,2022,5,21,2022_21,2022-05-24,Mardi,17:30,False,163,208,78.4
375,2022-05-24 18:00:00,2,2,2,18,24,100,2022,5,21,2022_21,2022-05-24,Mardi,18:00,False,165,210,78.6
376,2022-05-24 18:30:00,2,2,2,30,180,100,2022,5,21,2022_21,2022-05-24,Mardi,18:30,False,167,212,78.8
377,2022-05-24 19:00:00,1,1,1,19,139,100,2022,5,21,2022_21,2022-05-24,Mardi,19:00,False,168,213,78.9
378,2022-05-24 19:30:00,3,3,3,32,97,100,2022,5,21,2022_21,2022-05-24,Mardi,19:30,False,171,216,79.2
379,2022-05-25 08:00:00,2,2,2,25,87,100,2022,5,21,2022_21,2022-05-25,Mercredi,08:00,False,2,2,100.0
380,2022-05-25 08:30:00,12,12,6,116,204,50,2022,5,21,2022_21,2022-05-25,Mercredi,08:30,False,8,14,57.1
381,2022-05-25 09:00:00,8,8,5,66,229,62,2022,5,21,2022_21,2022-05-25,Mercredi,09:00,False,13,22,59.1
382,2022-05-25 09:30:00,12,12,12,20,180,100,2022,5,21,2022_21,2022-05-25,Mercredi,09:30,False,25,34,73.5
383,2022-05-25 10:00:00,14,14,12,46,303,85,2022,5,21,2022_21,2022-05-25,Mercredi,10:00,False,37,48,77.1
384,2022-05-25 10:30:00,13,13,12,41,289,92,2022,5,21,2022_21,2022-05-25,Mercredi,10:30,False,49,61,80.3
385,2022-05-25 11:00:00,16,16,16,21,228,100,2022,5,21,2022_21,2022-05-25,Mercredi,11:00,False,65,77,84.4
386,2022-05-25 11:30:00,9,9,9,27,300,100,2022,5,21,2022_21,2022-05-25,Mercredi,11:30,False,74,86,86.0
387,2022-05-25 12:00:00,13,13,12,43,248,92,2022,5,21,2022_21,2022-05-25,Mercredi,12:00,False,86,99,86.9
388,2022-05-25 12:30:00,10,10,9,40,170,90,2022,5,21,2022_21,2022-05-25,Mercredi,12:30,False,95,109,87.2
389,2022-05-25 13:00:00,8,8,8,26,215,100,2022,5,21,2022_21,2022-05-25,Mercredi,13:00,False,103,117,88.0
390,2022-05-25 13:30:00,9,9,7,61,279,77,2022,5,21,2022_21,2022-05-25,Mercredi,13:30,False,110,126,87.3
391,2022-05-25 14:00:00,11,11,4,175,352,36,2022,5,21,2022_21,2022-05-25,Mercredi,14:00,False,114,137,83.2
392,2022-05-25 14:30:00,10,10,5,103,182,50,2022,5,21,2022_21,2022-05-25,Mercredi,14:30,False,119,147,81.0
393,2022-05-25 15:00:00,9,8,8,25,185,100,2022,5,21,2022_21,2022-05-25,Mercredi,15:00,False,127,155,81.9
394,2022-05-25 15:30:00,13,13,9,58,227,69,2022,5,21,2022_21,2022-05-25,Mercredi,15:30,False,136,168,81.0
395,2022-05-25 16:00:00,3,3,3,56,220,100,2022,5,21,2022_21,2022-05-25,Mercredi,16:00,False,139,171,81.3
396,2022-05-25 16:30:00,5,5,4,58,164,80,2022,5,21,2022_21,2022-05-25,Mercredi,16:30,False,143,176,81.2
397,2022-05-25 17:00:00,3,3,2,55,261,66,2022,5,21,2022_21,2022-05-25,Mercredi,17:00,False,145,179,81.0
398,2022-05-25 17:30:00,3,3,2,95,241,66,2022,5,21,2022_21,2022-05-25,Mercredi,17:30,False,147,182,80.8
399,2022-05-25 18:00:00,1,1,1,18,289,100,2022,5,21,2022_21,2022-05-25,Mercredi,18:00,False,148,183,80.9
400,2022-05-25 18:30:00,2,2,2,19,162,100,2022,5,21,2022_21,2022-05-25,Mercredi,18:30,False,150,185,81.1
401,2022-05-25 19:00:00,1,1,1,20,106,100,2022,5,21,2022_21,2022-05-25,Mercredi,19:00,False,151,186,81.2
402,2022-05-27 08:00:00,9,9,9,32,210,100,2022,5,21,2022_21,2022-05-27,Vendredi,08:00,False,9,9,100.0
403,2022-05-27 08:30:00,11,11,10,29,136,90,2022,5,21,2022_21,2022-05-27,Vendredi,08:30,False,19,20,95.0
404,2022-05-27 09:00:00,14,14,14,18,263,100,2022,5,21,2022_21,2022-05-27,Vendredi,09:00,False,33,34,97.1
405,2022-05-27 09:30:00,9,9,9,24,239,100,2022,5,21,2022_21,2022-05-27,Vendredi,09:30,False,42,43,97.7
406,2022-05-27 10:00:00,18,18,17,29,203,94,2022,5,21,2022_21,2022-05-27,Vendredi,10:00,False,59,61,96.7
407,2022-05-27 10:30:00,18,18,15,53,242,83,2022,5,21,2022_21,2022-05-27,Vendredi,10:30,False,74,79,93.7
408,2022-05-27 11:00:00,16,16,16,31,198,100,2022,5,21,2022_21,2022-05-27,Vendredi,11:00,False,90,95,94.7
409,2022-05-27 11:30:00,12,12,5,158,229,41,2022,5,21,2022_21,2022-05-27,Vendredi,11:30,False,95,107,88.8
410,2022-05-27 12:00:00,10,10,9,40,225,90,2022,5,21,2022_21,2022-05-27,Vendredi,12:00,False,104,117,88.9
411,2022-05-27 12:30:00,14,14,8,121,217,57,2022,5,21,2022_21,2022-05-27,Vendredi,12:30,False,112,131,85.5
412,2022-05-27 13:00:00,10,10,4,107,205,40,2022,5,21,2022_21,2022-05-27,Vendredi,13:00,False,116,141,82.3
413,2022-05-27 13:30:00,7,7,4,117,260,57,2022,5,21,2022_21,2022-05-27,Vendredi,13:30,False,120,148,81.1
414,2022-05-27 14:00:00,15,15,15,36,224,100,2022,5,21,2022_21,2022-05-27,Vendredi,14:00,False,135,163,82.8
415,2022-05-27 14:30:00,10,10,10,28,187,100,2022,5,21,2022_21,2022-05-27,Vendredi,14:30,False,145,173,83.8
416,2022-05-27 15:00:00,11,11,11,18,184,100,2022,5,21,2022_21,2022-05-27,Vendredi,15:00,False,156,184,84.8
417,2022-05-27 15:30:00,10,10,10,23,241,100,2022,5,21,2022_21,2022-05-27,Vendredi,15:30,False,166,194,85.6
418,2022-05-27 16:00:00,4,4,4,19,214,100,2022,5,21,2022_21,2022-05-27,Vendredi,16:00,False,170,198,85.9
419,2022-05-27 16:30:00,7,7,6,46,256,85,2022,5,21,2022_21,2022-05-27,Vendredi,16:30,False,176,205,85.9
420,2022-05-27 17:00:00,2,2,1,83,206,50,2022,5,21,2022_21,2022-05-27,Vendredi,17:00,False,177,207,85.5
421,2022-05-27 17:30:00,3,3,2,68,253,66,2022,5,21,2022_21,2022-05-27,Vendredi,17:30,False,179,210,85.2
422,2022-05-27 18:00:00,1,1,1,19,31,100,2022,5,21,2022_21,2022-05-27,Vendredi,18:00,False,180,211,85.3
423,2022-05-30 08:00:00,5,5,5,30,193,100,2022,5,22,2022_22,2022-05-30,Lundi,08:00,False,5,5,100.0
424,2022-05-30 08:30:00,10,10,7,76,200,70,2022,5,22,2022_22,2022-05-30,Lundi,08:30,False,12,15,80.0
425,2022-05-30 09:00:00,16,16,16,22,194,100,2022,5,22,2022_22,2022-05-30,Lundi,09:00,False,28,31,90.3
426,2022-05-30 09:30:00,14,13,13,20,170,100,2022,5,22,2022_22,2022-05-30,Lundi,09:30,False,41,44,93.2
427,2022-05-30 10:00:00,19,19,19,31,163,100,2022,5,22,2022_22,2022-05-30,Lundi,10:00,False,60,63,95.2
428,2022-05-30 10:30:00,19,19,19,24,223,100,2022,5,22,2022_22,2022-05-30,Lundi,10:30,False,79,82,96.3
429,2022-05-30 11:00:00,13,13,8,93,263,61,2022,5,22,2022_22,2022-05-30,Lundi,11:00,False,87,95,91.6
430,2022-05-30 11:30:00,15,15,14,38,262,93,2022,5,22,2022_22,2022-05-30,Lundi,11:30,False,101,110,91.8
431,2022-05-30 12:00:00,16,16,14,49,213,87,2022,5,22,2022_22,2022-05-30,Lundi,12:00,False,115,126,91.3
432,2022-05-30 12:30:00,12,12,10,44,276,83,2022,5,22,2022_22,2022-05-30,Lundi,12:30,False,125,138,90.6
433,2022-05-30 13:00:00,15,15,15,31,184,100,2022,5,22,2022_22,2022-05-30,Lundi,13:00,False,140,153,91.5
434,2022-05-30 13:30:00,9,9,9,19,212,100,2022,5,22,2022_22,2022-05-30,Lundi,13:30,False,149,162,92.0
435,2022-05-30 14:00:00,18,17,17,32,208,100,2022,5,22,2022_22,2022-05-30,Lundi,14:00,False,166,179,92.7
436,2022-05-30 14:30:00,14,14,14,21,188,100,2022,5,22,2022_22,2022-05-30,Lundi,14:30,False,180,193,93.3
437,2022-05-30 15:00:00,14,14,14,19,297,100,2022,5,22,2022_22,2022-05-30,Lundi,15:00,False,194,207,93.7
438,2022-05-30 15:30:00,6,6,6,19,203,100,2022,5,22,2022_22,2022-05-30,Lundi,15:30,False,200,213,93.9
439,2022-05-30 16:00:00,5,5,5,27,267,100,2022,5,22,2022_22,2022-05-30,Lundi,16:00,False,205,218,94.0
440,2022-05-30 16:30:00,4,4,4,19,198,100,2022,5,22,2022_22,2022-05-30,Lundi,16:30,False,209,222,94.1
441,2022-05-30 17:00:00,3,3,3,20,91,100,2022,5,22,2022_22,2022-05-30,Lundi,17:00,False,212,225,94.2
442,2022-05-30 17:30:00,2,2,2,18,160,100,2022,5,22,2022_22,2022-05-30,Lundi,17:30,False,214,227,94.3
443,2022-05-30 18:00:00,2,2,2,18,174,100,2022,5,22,2022_22,2022-05-30,Lundi,18:00,False,216,229,94.3
444,2022-05-30 18:30:00,2,2,2,19,184,100,2022,5,22,2022_22,2022-05-30,Lundi,18:30,False,218,231,94.4
445,2022-05-30 19:00:00,1,1,1,19,117,100,2022,5,22,2022_22,2022-05-30,Lundi,19:00,False,219,232,94.4
446,2022-05-31 08:00:00,3,3,3,20,152,100,2022,5,22,2022_22,2022-05-31,Mardi,08:00,False,3,3,100.0
447,2022-05-31 08:30:00,15,15,15,22,162,100,2022,5,22,2022_22,2022-05-31,Mardi,08:30,False,18,18,100.0
448,2022-05-31 09:00:00,11,11,11,20,213,100,2022,5,22,2022_22,2022-05-31,Mardi,09:00,False,29,29,100.0
449,2022-05-31 09:30:00,10,10,10,19,289,100,2022,5,22,2022_22,2022-05-31,Mardi,09:30,False,39,39,100.0
450,2022-05-31 10:00:00,7,7,6,47,212,85,2022,5,22,2022_22,2022-05-31,Mardi,10:00,False,45,46,97.8
451,2022-05-31 10:30:00,13,13,9,60,193,69,2022,5,22,2022_22,2022-05-31,Mardi,10:30,False,54,59,91.5
452,2022-05-31 11:00:00,9,9,4,91,199,44,2022,5,22,2022_22,2022-05-31,Mardi,11:00,False,58,68,85.3
453,2022-05-31 11:30:00,9,9,9,23,190,100,2022,5,22,2022_22,2022-05-31,Mardi,11:30,False,67,77,87.0
454,2022-05-31 12:00:00,11,11,11,24,173,100,2022,5,22,2022_22,2022-05-31,Mardi,12:00,False,78,88,88.6
455,2022-05-31 12:30:00,9,9,9,18,182,100,2022,5,22,2022_22,2022-05-31,Mardi,12:30,False,87,97,89.7
456,2022-05-31 13:00:00,12,12,12,32,277,100,2022,5,22,2022_22,2022-05-31,Mardi,13:00,False,99,109,90.8
457,2022-05-31 13:30:00,8,8,7,47,151,87,2022,5,22,2022_22,2022-05-31,Mardi,13:30,False,106,117,90.6
458,2022-05-31 14:00:00,11,11,6,82,231,54,2022,5,22,2022_22,2022-05-31,Mardi,14:00,False,112,128,87.5
459,2022-05-31 15:00:00,12,12,10,46,241,83,2022,5,22,2022_22,2022-05-31,Mardi,15:00,False,122,140,87.1
460,2022-05-31 15:30:00,5,5,5,19,192,100,2022,5,22,2022_22,2022-05-31,Mardi,15:30,False,127,145,87.6
461,2022-05-31 16:00:00,6,6,5,45,142,83,2022,5,22,2022_22,2022-05-31,Mardi,16:00,False,132,151,87.4
462,2022-05-31 16:30:00,1,1,1,28,77,100,2022,5,22,2022_22,2022-05-31,Mardi,16:30,False,133,152,87.5
463,2022-05-31 17:00:00,1,1,1,24,599,100,2022,5,22,2022_22,2022-05-31,Mardi,17:00,False,134,153,87.6
464,2022-05-31 18:00:00,1,1,1,19,74,100,2022,5,22,2022_22,2022-05-31,Mardi,18:00,False,135,154,87.7
465,2022-05-31 18:30:00,1,1,1,19,146,100,2022,5,22,2022_22,2022-05-31,Mardi,18:30,False,136,155,87.7
0,2022-06-01 08:00:00,6,6,5,56,165,83,2022,6,22,2022_22,2022-06-01,Mercredi,08:00,False,5,6,83.3
1,2022-06-01 08:30:00,8,8,7,46,438,87,2022,6,22,2022_22,2022-06-01,Mercredi,08:30,False,12,14,85.7
2,2022-06-01 09:00:00,18,18,17,27,181,94,2022,6,22,2022_22,2022-06-01,Mercredi,09:00,False,29,32,90.6
3,2022-06-01 09:30:00,10,10,8,46,270,80,2022,6,22,2022_22,2022-06-01,Mercredi,09:30,False,37,42,88.1
4,2022-06-01 10:00:00,16,16,16,25,212,100,2022,6,22,2022_22,2022-06-01,Mercredi,10:00,False,53,58,91.4
5,2022-06-01 10:30:00,7,7,6,35,373,85,2022,6,22,2022_22,2022-06-01,Mercredi,10:30,False,59,65,90.8
6,2022-06-01 11:00:00,23,23,17,67,182,73,2022,6,22,2022_22,2022-06-01,Mercredi,11:00,False,76,88,86.4
7,2022-06-01 11:30:00,15,15,15,26,191,100,2022,6,22,2022_22,2022-06-01,Mercredi,11:30,False,91,103,88.3
8,2022-06-01 12:00:00,12,12,10,58,184,83,2022,6,22,2022_22,2022-06-01,Mercredi,12:00,False,101,115,87.8
9,2022-06-01 12:30:00,15,15,7,85,258,46,2022,6,22,2022_22,2022-06-01,Mercredi,12:30,False,108,130,83.1
10,2022-06-01 13:00:00,9,9,8,36,259,88,2022,6,22,2022_22,2022-06-01,Mercredi,13:00,False,116,139,83.5
11,2022-06-01 13:30:00,7,7,6,42,284,85,2022,6,22,2022_22,2022-06-01,Mercredi,13:30,False,122,146,83.6
12,2022-06-01 14:00:00,17,17,6,130,261,35,2022,6,22,2022_22,2022-06-01,Mercredi,14:00,False,128,163,78.5
13,2022-06-01 14:30:00,9,9,9,28,210,100,2022,6,22,2022_22,2022-06-01,Mercredi,14:30,False,137,172,79.7
14,2022-06-01 15:00:00,9,9,7,53,223,77,2022,6,22,2022_22,2022-06-01,Mercredi,15:00,False,144,181,79.6
15,2022-06-01 15:30:00,12,11,7,82,240,63,2022,6,22,2022_22,2022-06-01,Mercredi,15:30,False,151,192,78.6
16,2022-06-01 16:00:00,6,6,5,48,263,83,2022,6,22,2022_22,2022-06-01,Mercredi,16:00,False,156,198,78.8
17,2022-06-01 16:30:00,3,3,3,18,466,100,2022,6,22,2022_22,2022-06-01,Mercredi,16:30,False,159,201,79.1
18,2022-06-01 17:00:00,3,3,3,25,156,100,2022,6,22,2022_22,2022-06-01,Mercredi,17:00,False,162,204,79.4
19,2022-06-01 17:30:00,3,3,3,29,80,100,2022,6,22,2022_22,2022-06-01,Mercredi,17:30,False,165,207,79.7
20,2022-06-01 18:00:00,4,4,3,103,132,75,2022,6,22,2022_22,2022-06-01,Mercredi,18:00,False,168,211,79.6
21,2022-06-01 18:30:00,1,1,1,41,113,100,2022,6,22,2022_22,2022-06-01,Mercredi,18:30,False,169,212,79.7
22,2022-06-02 08:00:00,2,2,2,18,652,100,2022,6,22,2022_22,2022-06-02,Jeudi,08:00,False,2,2,100.0
23,2022-06-02 09:00:00,7,7,5,222,669,71,2022,6,22,2022_22,2022-06-02,Jeudi,09:00,False,7,9,77.8
24,2022-06-02 09:30:00,13,13,10,53,171,76,2022,6,22,2022_22,2022-06-02,Jeudi,09:30,False,17,22,77.3
25,2022-06-02 10:00:00,12,12,12,26,232,100,2022,6,22,2022_22,2022-06-02,Jeudi,10:00,False,29,34,85.3
26,2022-06-02 10:30:00,9,9,9,22,184,100,2022,6,22,2022_22,2022-06-02,Jeudi,10:30,False,38,43,88.4
27,2022-06-02 11:00:00,6,6,4,72,164,66,2022,6,22,2022_22,2022-06-02,Jeudi,11:00,False,42,49,85.7
28,2022-06-02 11:30:00,9,9,9,35,180,100,2022,6,22,2022_22,2022-06-02,Jeudi,11:30,False,51,58,87.9
29,2022-06-02 12:00:00,14,13,2,250,229,15,2022,6,22,2022_22,2022-06-02,Jeudi,12:00,False,53,71,74.6
30,2022-06-02 12:30:00,9,9,8,37,163,88,2022,6,22,2022_22,2022-06-02,Jeudi,12:30,False,61,80,76.2
31,2022-06-02 13:00:00,2,2,2,18,318,100,2022,6,22,2022_22,2022-06-02,Jeudi,13:00,False,63,82,76.8
32,2022-06-02 13:30:00,1,1,1,54,199,100,2022,6,22,2022_22,2022-06-02,Jeudi,13:30,False,64,83,77.1
33,2022-06-02 14:00:00,2,2,1,68,93,50,2022,6,22,2022_22,2022-06-02,Jeudi,14:00,False,65,85,76.5
34,2022-06-02 14:30:00,10,10,7,99,229,70,2022,6,22,2022_22,2022-06-02,Jeudi,14:30,False,72,95,75.8
35,2022-06-02 15:00:00,8,8,7,59,297,87,2022,6,22,2022_22,2022-06-02,Jeudi,15:00,False,79,103,76.7
36,2022-06-02 15:30:00,2,2,2,19,220,100,2022,6,22,2022_22,2022-06-02,Jeudi,15:30,False,81,105,77.1
37,2022-06-02 16:00:00,3,3,3,20,244,100,2022,6,22,2022_22,2022-06-02,Jeudi,16:00,False,84,108,77.8
38,2022-06-02 17:30:00,1,1,1,19,126,100,2022,6,22,2022_22,2022-06-02,Jeudi,17:30,False,85,109,78.0
39,2022-06-03 08:00:00,4,4,4,36,215,100,2022,6,22,2022_22,2022-06-03,Vendredi,08:00,False,4,4,100.0
40,2022-06-03 08:30:00,8,8,3,120,256,37,2022,6,22,2022_22,2022-06-03,Vendredi,08:30,False,7,12,58.3
41,2022-06-03 09:00:00,10,10,5,120,267,50,2022,6,22,2022_22,2022-06-03,Vendredi,09:00,False,12,22,54.5
42,2022-06-03 09:30:00,10,10,3,200,267,30,2022,6,22,2022_22,2022-06-03,Vendredi,09:30,False,15,32,46.9
43,2022-06-03 10:00:00,17,16,14,32,171,87,2022,6,22,2022_22,2022-06-03,Vendredi,10:00,False,29,48,60.4
44,2022-06-03 10:30:00,18,18,17,38,237,94,2022,6,22,2022_22,2022-06-03,Vendredi,10:30,False,46,66,69.7
45,2022-06-03 11:00:00,12,12,11,52,192,91,2022,6,22,2022_22,2022-06-03,Vendredi,11:00,False,57,78,73.1
46,2022-06-03 11:30:00,13,13,13,25,188,100,2022,6,22,2022_22,2022-06-03,Vendredi,11:30,False,70,91,76.9
47,2022-06-03 12:00:00,19,19,11,116,228,57,2022,6,22,2022_22,2022-06-03,Vendredi,12:00,False,81,110,73.6
48,2022-06-03 12:30:00,18,18,9,129,212,50,2022,6,22,2022_22,2022-06-03,Vendredi,12:30,False,90,128,70.3
49,2022-06-03 13:00:00,8,8,8,19,197,100,2022,6,22,2022_22,2022-06-03,Vendredi,13:00,False,98,136,72.1
50,2022-06-03 13:30:00,9,9,8,41,148,88,2022,6,22,2022_22,2022-06-03,Vendredi,13:30,False,106,145,73.1
51,2022-06-03 14:00:00,9,9,7,52,205,77,2022,6,22,2022_22,2022-06-03,Vendredi,14:00,False,113,154,73.4
52,2022-06-03 14:30:00,4,4,4,20,278,100,2022,6,22,2022_22,2022-06-03,Vendredi,14:30,False,117,158,74.1
53,2022-06-03 15:00:00,12,12,12,23,158,100,2022,6,22,2022_22,2022-06-03,Vendredi,15:00,False,129,170,75.9
54,2022-06-03 15:30:00,2,2,2,21,117,100,2022,6,22,2022_22,2022-06-03,Vendredi,15:30,False,131,172,76.2
55,2022-06-03 16:00:00,4,4,4,31,248,100,2022,6,22,2022_22,2022-06-03,Vendredi,16:00,False,135,176,76.7
56,2022-06-03 16:30:00,6,6,5,33,175,83,2022,6,22,2022_22,2022-06-03,Vendredi,16:30,False,140,182,76.9
57,2022-06-03 17:00:00,3,3,2,53,217,66,2022,6,22,2022_22,2022-06-03,Vendredi,17:00,False,142,185,76.8
58,2022-06-03 17:30:00,5,5,3,89,176,60,2022,6,22,2022_22,2022-06-03,Vendredi,17:30,False,145,190,76.3
59,2022-06-04 08:30:00,3,3,2,43,191,66,2022,6,22,2022_22,2022-06-04,Samedi,08:30,False,2,3,66.7
60,2022-06-04 09:00:00,7,7,7,18,279,100,2022,6,22,2022_22,2022-06-04,Samedi,09:00,False,9,10,90.0
61,2022-06-04 09:30:00,8,8,4,87,266,50,2022,6,22,2022_22,2022-06-04,Samedi,09:30,False,13,18,72.2
62,2022-06-04 10:00:00,5,5,5,19,156,100,2022,6,22,2022_22,2022-06-04,Samedi,10:00,False,18,23,78.3
63,2022-06-04 10:30:00,4,4,3,39,265,75,2022,6,22,2022_22,2022-06-04,Samedi,10:30,False,21,27,77.8
64,2022-06-04 11:00:00,7,7,7,24,218,100,2022,6,22,2022_22,2022-06-04,Samedi,11:00,False,28,34,82.4
65,2022-06-04 11:30:00,2,2,2,21,179,100,2022,6,22,2022_22,2022-06-04,Samedi,11:30,False,30,36,83.3
66,2022-06-04 12:00:00,2,2,2,19,181,100,2022,6,22,2022_22,2022-06-04,Samedi,12:00,False,32,38,84.2
67,2022-06-04 12:30:00,3,3,3,20,186,100,2022,6,22,2022_22,2022-06-04,Samedi,12:30,False,35,41,85.4
68,2022-06-04 13:30:00,3,3,3,19,190,100,2022,6,22,2022_22,2022-06-04,Samedi,13:30,False,38,44,86.4
69,2022-06-04 14:00:00,1,1,1,19,283,100,2022,6,22,2022_22,2022-06-04,Samedi,14:00,False,39,45,86.7
70,2022-06-04 14:30:00,1,1,1,19,94,100,2022,6,22,2022_22,2022-06-04,Samedi,14:30,False,40,46,87.0
71,2022-06-04 15:30:00,1,1,1,19,246,100,2022,6,22,2022_22,2022-06-04,Samedi,15:30,False,41,47,87.2
72,2022-06-07 08:00:00,2,2,2,18,217,100,2022,6,23,2022_23,2022-06-07,Mardi,08:00,False,2,2,100.0
73,2022-06-07 08:30:00,16,16,4,165,177,25,2022,6,23,2022_23,2022-06-07,Mardi,08:30,False,6,18,33.3
74,2022-06-07 09:00:00,20,20,6,143,231,30,2022,6,23,2022_23,2022-06-07,Mardi,09:00,False,12,38,31.6
75,2022-06-07 09:30:00,8,8,8,24,243,100,2022,6,23,2022_23,2022-06-07,Mardi,09:30,False,20,46,43.5
76,2022-06-07 10:00:00,21,21,7,122,210,33,2022,6,23,2022_23,2022-06-07,Mardi,10:00,False,27,67,40.3
77,2022-06-07 10:30:00,20,20,12,83,206,60,2022,6,23,2022_23,2022-06-07,Mardi,10:30,False,39,87,44.8
78,2022-06-07 11:00:00,13,12,10,54,270,83,2022,6,23,2022_23,2022-06-07,Mardi,11:00,False,49,99,49.5
79,2022-06-07 11:30:00,20,20,14,64,229,70,2022,6,23,2022_23,2022-06-07,Mardi,11:30,False,63,119,52.9
80,2022-06-07 12:00:00,18,18,15,42,195,83,2022,6,23,2022_23,2022-06-07,Mardi,12:00,False,78,137,56.9
81,2022-06-07 12:30:00,8,8,8,24,132,100,2022,6,23,2022_23,2022-06-07,Mardi,12:30,False,86,145,59.3
82,2022-06-07 13:00:00,11,11,11,20,218,100,2022,6,23,2022_23,2022-06-07,Mardi,13:00,False,97,156,62.2
83,2022-06-07 13:30:00,10,10,10,19,177,100,2022,6,23,2022_23,2022-06-07,Mardi,13:30,False,107,166,64.5
84,2022-06-07 14:00:00,13,13,12,35,162,92,2022,6,23,2022_23,2022-06-07,Mardi,14:00,False,119,179,66.5
85,2022-06-07 14:30:00,14,14,13,28,150,92,2022,6,23,2022_23,2022-06-07,Mardi,14:30,False,132,193,68.4
86,2022-06-07 15:00:00,15,15,11,75,181,73,2022,6,23,2022_23,2022-06-07,Mardi,15:00,False,143,208,68.8
87,2022-06-07 15:30:00,13,13,6,99,150,46,2022,6,23,2022_23,2022-06-07,Mardi,15:30,False,149,221,67.4
88,2022-06-07 16:00:00,1,1,1,28,222,100,2022,6,23,2022_23,2022-06-07,Mardi,16:00,False,150,222,67.6
89,2022-06-07 16:30:00,4,4,4,21,220,100,2022,6,23,2022_23,2022-06-07,Mardi,16:30,False,154,226,68.1
90,2022-06-07 17:00:00,3,3,1,294,278,33,2022,6,23,2022_23,2022-06-07,Mardi,17:00,False,155,229,67.7
91,2022-06-07 17:30:00,1,1,1,42,172,100,2022,6,23,2022_23,2022-06-07,Mardi,17:30,False,156,230,67.8
92,2022-06-07 18:00:00,2,2,2,53,115,100,2022,6,23,2022_23,2022-06-07,Mardi,18:00,False,158,232,68.1
93,2022-06-07 18:30:00,2,2,2,24,118,100,2022,6,23,2022_23,2022-06-07,Mardi,18:30,False,160,234,68.4
94,2022-06-07 19:00:00,5,5,5,34,70,100,2022,6,23,2022_23,2022-06-07,Mardi,19:00,False,165,239,69.0
95,2022-06-07 19:30:00,1,1,1,19,64,100,2022,6,23,2022_23,2022-06-07,Mardi,19:30,False,166,240,69.2
96,2022-06-08 08:00:00,2,2,2,19,382,100,2022,6,23,2022_23,2022-06-08,Mercredi,08:00,False,2,2,100.0
97,2022-06-08 08:30:00,19,19,19,24,212,100,2022,6,23,2022_23,2022-06-08,Mercredi,08:30,False,21,21,100.0
98,2022-06-08 09:00:00,18,18,18,24,247,100,2022,6,23,2022_23,2022-06-08,Mercredi,09:00,False,39,39,100.0
99,2022-06-08 09:30:00,14,14,14,19,213,100,2022,6,23,2022_23,2022-06-08,Mercredi,09:30,False,53,53,100.0
100,2022-06-08 10:00:00,14,14,9,76,275,64,2022,6,23,2022_23,2022-06-08,Mercredi,10:00,False,62,67,92.5
101,2022-06-08 10:30:00,27,27,22,56,227,81,2022,6,23,2022_23,2022-06-08,Mercredi,10:30,False,84,94,89.4
102,2022-06-08 11:00:00,29,29,23,54,215,79,2022,6,23,2022_23,2022-06-08,Mercredi,11:00,False,107,123,87.0
103,2022-06-08 11:30:00,18,18,17,32,181,94,2022,6,23,2022_23,2022-06-08,Mercredi,11:30,False,124,141,87.9
104,2022-06-08 12:00:00,19,19,18,28,243,94,2022,6,23,2022_23,2022-06-08,Mercredi,12:00,False,142,160,88.8
105,2022-06-08 12:30:00,15,15,15,30,242,100,2022,6,23,2022_23,2022-06-08,Mercredi,12:30,False,157,175,89.7
106,2022-06-08 13:00:00,16,16,16,23,225,100,2022,6,23,2022_23,2022-06-08,Mercredi,13:00,False,173,191,90.6
107,2022-06-08 13:30:00,8,8,4,116,216,50,2022,6,23,2022_23,2022-06-08,Mercredi,13:30,False,177,199,88.9
108,2022-06-08 14:00:00,22,22,13,81,241,59,2022,6,23,2022_23,2022-06-08,Mercredi,14:00,False,190,221,86.0
109,2022-06-08 14:30:00,17,17,6,125,269,35,2022,6,23,2022_23,2022-06-08,Mercredi,14:30,False,196,238,82.4
110,2022-06-08 15:00:00,14,14,14,23,311,100,2022,6,23,2022_23,2022-06-08,Mercredi,15:00,False,210,252,83.3
111,2022-06-08 15:30:00,6,6,6,27,218,100,2022,6,23,2022_23,2022-06-08,Mercredi,15:30,False,216,258,83.7
112,2022-06-08 16:00:00,13,13,12,32,262,92,2022,6,23,2022_23,2022-06-08,Mercredi,16:00,False,228,271,84.1
113,2022-06-08 16:30:00,9,9,9,43,220,100,2022,6,23,2022_23,2022-06-08,Mercredi,16:30,False,237,280,84.6
114,2022-06-08 17:30:00,7,7,4,122,227,57,2022,6,23,2022_23,2022-06-08,Mercredi,17:30,False,241,287,84.0
115,2022-06-08 18:00:00,5,5,3,75,226,60,2022,6,23,2022_23,2022-06-08,Mercredi,18:00,False,244,292,83.6
116,2022-06-08 18:30:00,2,2,2,30,184,100,2022,6,23,2022_23,2022-06-08,Mercredi,18:30,False,246,294,83.7
117,2022-06-09 08:00:00,9,9,8,34,239,88,2022,6,23,2022_23,2022-06-09,Jeudi,08:00,False,8,9,88.9
118,2022-06-09 08:30:00,9,9,9,18,195,100,2022,6,23,2022_23,2022-06-09,Jeudi,08:30,False,17,18,94.4
119,2022-06-09 09:00:00,17,17,14,47,222,82,2022,6,23,2022_23,2022-06-09,Jeudi,09:00,False,31,35,88.6
120,2022-06-09 09:30:00,12,12,12,28,199,100,2022,6,23,2022_23,2022-06-09,Jeudi,09:30,False,43,47,91.5
121,2022-06-09 10:00:00,17,16,11,67,191,68,2022,6,23,2022_23,2022-06-09,Jeudi,10:00,False,54,63,85.7
122,2022-06-09 10:30:00,20,19,14,78,150,73,2022,6,23,2022_23,2022-06-09,Jeudi,10:30,False,68,82,82.9
123,2022-06-09 11:00:00,23,23,22,44,199,95,2022,6,23,2022_23,2022-06-09,Jeudi,11:00,False,90,105,85.7
124,2022-06-09 11:30:00,13,13,13,23,201,100,2022,6,23,2022_23,2022-06-09,Jeudi,11:30,False,103,118,87.3
125,2022-06-09 12:00:00,15,15,15,19,220,100,2022,6,23,2022_23,2022-06-09,Jeudi,12:00,False,118,133,88.7
126,2022-06-09 12:30:00,13,13,13,18,217,100,2022,6,23,2022_23,2022-06-09,Jeudi,12:30,False,131,146,89.7
127,2022-06-09 13:00:00,13,12,12,23,219,100,2022,6,23,2022_23,2022-06-09,Jeudi,13:00,False,143,158,90.5
128,2022-06-09 13:30:00,16,16,16,21,182,100,2022,6,23,2022_23,2022-06-09,Jeudi,13:30,False,159,174,91.4
129,2022-06-09 14:00:00,13,13,11,54,197,84,2022,6,23,2022_23,2022-06-09,Jeudi,14:00,False,170,187,90.9
130,2022-06-09 14:30:00,18,18,10,82,165,55,2022,6,23,2022_23,2022-06-09,Jeudi,14:30,False,180,205,87.8
131,2022-06-09 15:00:00,10,10,10,31,245,100,2022,6,23,2022_23,2022-06-09,Jeudi,15:00,False,190,215,88.4
132,2022-06-09 15:30:00,7,7,7,19,179,100,2022,6,23,2022_23,2022-06-09,Jeudi,15:30,False,197,222,88.7
133,2022-06-09 16:00:00,9,9,6,63,230,66,2022,6,23,2022_23,2022-06-09,Jeudi,16:00,False,203,231,87.9
134,2022-06-09 16:30:00,5,5,5,19,164,100,2022,6,23,2022_23,2022-06-09,Jeudi,16:30,False,208,236,88.1
135,2022-06-09 17:00:00,2,2,2,20,289,100,2022,6,23,2022_23,2022-06-09,Jeudi,17:00,False,210,238,88.2
136,2022-06-09 17:30:00,7,7,6,63,161,85,2022,6,23,2022_23,2022-06-09,Jeudi,17:30,False,216,245,88.2
137,2022-06-09 18:00:00,2,2,2,29,88,100,2022,6,23,2022_23,2022-06-09,Jeudi,18:00,False,218,247,88.3
138,2022-06-10 08:00:00,7,7,7,21,311,100,2022,6,23,2022_23,2022-06-10,Vendredi,08:00,False,7,7,100.0
139,2022-06-10 08:30:00,11,11,10,31,232,90,2022,6,23,2022_23,2022-06-10,Vendredi,08:30,False,17,18,94.4
140,2022-06-10 09:00:00,16,16,16,22,217,100,2022,6,23,2022_23,2022-06-10,Vendredi,09:00,False,33,34,97.1
141,2022-06-10 09:30:00,15,15,12,36,209,80,2022,6,23,2022_23,2022-06-10,Vendredi,09:30,False,45,49,91.8
142,2022-06-10 10:00:00,17,17,17,30,244,100,2022,6,23,2022_23,2022-06-10,Vendredi,10:00,False,62,66,93.9
143,2022-06-10 10:30:00,22,22,22,31,171,100,2022,6,23,2022_23,2022-06-10,Vendredi,10:30,False,84,88,95.5
144,2022-06-10 11:00:00,26,26,14,96,229,53,2022,6,23,2022_23,2022-06-10,Vendredi,11:00,False,98,114,86.0
145,2022-06-10 11:30:00,26,26,19,66,245,73,2022,6,23,2022_23,2022-06-10,Vendredi,11:30,False,117,140,83.6
146,2022-06-10 12:00:00,16,16,16,20,226,100,2022,6,23,2022_23,2022-06-10,Vendredi,12:00,False,133,156,85.3
147,2022-06-10 12:30:00,15,15,10,76,207,66,2022,6,23,2022_23,2022-06-10,Vendredi,12:30,False,143,171,83.6
148,2022-06-10 13:00:00,13,13,13,27,202,100,2022,6,23,2022_23,2022-06-10,Vendredi,13:00,False,156,184,84.8
149,2022-06-10 13:30:00,17,17,14,84,193,82,2022,6,23,2022_23,2022-06-10,Vendredi,13:30,False,170,201,84.6
150,2022-06-10 14:00:00,18,18,11,80,217,61,2022,6,23,2022_23,2022-06-10,Vendredi,14:00,False,181,219,82.6
151,2022-06-10 14:30:00,17,17,10,84,239,58,2022,6,23,2022_23,2022-06-10,Vendredi,14:30,False,191,236,80.9
152,2022-06-10 15:00:00,7,7,7,19,191,100,2022,6,23,2022_23,2022-06-10,Vendredi,15:00,False,198,243,81.5
153,2022-06-10 15:30:00,10,10,10,18,168,100,2022,6,23,2022_23,2022-06-10,Vendredi,15:30,False,208,253,82.2
154,2022-06-10 16:00:00,11,11,11,18,191,100,2022,6,23,2022_23,2022-06-10,Vendredi,16:00,False,219,264,83.0
155,2022-06-10 16:30:00,8,8,8,18,242,100,2022,6,23,2022_23,2022-06-10,Vendredi,16:30,False,227,272,83.5
156,2022-06-10 17:00:00,5,5,5,25,116,100,2022,6,23,2022_23,2022-06-10,Vendredi,17:00,False,232,277,83.8
157,2022-06-10 18:00:00,2,2,1,171,149,50,2022,6,23,2022_23,2022-06-10,Vendredi,18:00,False,233,279,83.5
158,2022-06-10 18:30:00,2,2,2,18,159,100,2022,6,23,2022_23,2022-06-10,Vendredi,18:30,False,235,281,83.6
159,2022-06-11 08:00:00,2,2,2,19,247,100,2022,6,23,2022_23,2022-06-11,Samedi,08:00,False,2,2,100.0
160,2022-06-11 08:30:00,3,3,2,67,240,66,2022,6,23,2022_23,2022-06-11,Samedi,08:30,False,4,5,80.0
161,2022-06-11 09:00:00,8,8,2,179,271,25,2022,6,23,2022_23,2022-06-11,Samedi,09:00,False,6,13,46.2
162,2022-06-11 09:30:00,3,3,3,19,219,100,2022,6,23,2022_23,2022-06-11,Samedi,09:30,False,9,16,56.2
163,2022-06-11 10:00:00,5,4,2,97,260,50,2022,6,23,2022_23,2022-06-11,Samedi,10:00,False,11,20,55.0
164,2022-06-11 10:30:00,5,4,2,110,226,50,2022,6,23,2022_23,2022-06-11,Samedi,10:30,False,13,24,54.2
165,2022-06-11 11:00:00,6,6,5,56,263,83,2022,6,23,2022_23,2022-06-11,Samedi,11:00,False,18,30,60.0
166,2022-06-11 11:30:00,2,2,2,19,196,100,2022,6,23,2022_23,2022-06-11,Samedi,11:30,False,20,32,62.5
167,2022-06-11 12:00:00,5,5,2,94,228,40,2022,6,23,2022_23,2022-06-11,Samedi,12:00,False,22,37,59.5
168,2022-06-11 12:30:00,2,2,2,18,273,100,2022,6,23,2022_23,2022-06-11,Samedi,12:30,False,24,39,61.5
169,2022-06-11 13:00:00,5,5,5,20,304,100,2022,6,23,2022_23,2022-06-11,Samedi,13:00,False,29,44,65.9
170,2022-06-11 13:30:00,6,6,6,18,246,100,2022,6,23,2022_23,2022-06-11,Samedi,13:30,False,35,50,70.0
171,2022-06-11 14:00:00,5,5,5,18,267,100,2022,6,23,2022_23,2022-06-11,Samedi,14:00,False,40,55,72.7
172,2022-06-11 14:30:00,4,4,4,19,347,100,2022,6,23,2022_23,2022-06-11,Samedi,14:30,False,44,59,74.6
173,2022-06-11 15:00:00,3,3,2,84,201,66,2022,6,23,2022_23,2022-06-11,Samedi,15:00,False,46,62,74.2
174,2022-06-11 15:30:00,2,2,2,20,160,100,2022,6,23,2022_23,2022-06-11,Samedi,15:30,False,48,64,75.0
175,2022-06-11 16:00:00,4,4,3,62,265,75,2022,6,23,2022_23,2022-06-11,Samedi,16:00,False,51,68,75.0
176,2022-06-11 16:30:00,3,3,3,32,212,100,2022,6,23,2022_23,2022-06-11,Samedi,16:30,False,54,71,76.1
177,2022-06-13 08:00:00,6,6,6,36,314,100,2022,6,24,2022_24,2022-06-13,Lundi,08:00,False,6,6,100.0
178,2022-06-13 08:30:00,20,20,17,43,234,85,2022,6,24,2022_24,2022-06-13,Lundi,08:30,False,23,26,88.5
179,2022-06-13 09:00:00,20,20,20,21,233,100,2022,6,24,2022_24,2022-06-13,Lundi,09:00,False,43,46,93.5
180,2022-06-13 09:30:00,16,16,16,21,344,100,2022,6,24,2022_24,2022-06-13,Lundi,09:30,False,59,62,95.2
181,2022-06-13 10:00:00,14,14,12,43,206,85,2022,6,24,2022_24,2022-06-13,Lundi,10:00,False,71,76,93.4
182,2022-06-13 10:30:00,28,28,21,54,186,75,2022,6,24,2022_24,2022-06-13,Lundi,10:30,False,92,104,88.5
183,2022-06-13 11:00:00,25,24,8,120,211,33,2022,6,24,2022_24,2022-06-13,Lundi,11:00,False,100,128,78.1
184,2022-06-13 11:30:00,22,21,18,39,224,85,2022,6,24,2022_24,2022-06-13,Lundi,11:30,False,118,149,79.2
185,2022-06-13 12:00:00,16,16,14,39,243,87,2022,6,24,2022_24,2022-06-13,Lundi,12:00,False,132,165,80.0
186,2022-06-13 12:30:00,11,11,10,30,189,90,2022,6,24,2022_24,2022-06-13,Lundi,12:30,False,142,176,80.7
187,2022-06-13 13:00:00,16,16,13,47,168,81,2022,6,24,2022_24,2022-06-13,Lundi,13:00,False,155,192,80.7
188,2022-06-13 13:30:00,12,12,1,240,315,8,2022,6,24,2022_24,2022-06-13,Lundi,13:30,False,156,204,76.5
189,2022-06-13 14:00:00,20,19,5,146,231,26,2022,6,24,2022_24,2022-06-13,Lundi,14:00,False,161,223,72.2
190,2022-06-13 14:30:00,16,16,14,41,211,87,2022,6,24,2022_24,2022-06-13,Lundi,14:30,False,175,239,73.2
191,2022-06-13 15:00:00,12,12,6,82,276,50,2022,6,24,2022_24,2022-06-13,Lundi,15:00,False,181,251,72.1
192,2022-06-13 15:30:00,10,10,10,30,253,100,2022,6,24,2022_24,2022-06-13,Lundi,15:30,False,191,261,73.2
193,2022-06-13 16:00:00,5,5,5,31,207,100,2022,6,24,2022_24,2022-06-13,Lundi,16:00,False,196,266,73.7
194,2022-06-13 16:30:00,9,9,9,28,208,100,2022,6,24,2022_24,2022-06-13,Lundi,16:30,False,205,275,74.5
195,2022-06-13 17:00:00,3,3,3,19,196,100,2022,6,24,2022_24,2022-06-13,Lundi,17:00,False,208,278,74.8
196,2022-06-13 17:30:00,2,2,2,18,174,100,2022,6,24,2022_24,2022-06-13,Lundi,17:30,False,210,280,75.0
197,2022-06-13 19:00:00,1,1,1,19,537,100,2022,6,24,2022_24,2022-06-13,Lundi,19:00,False,211,281,75.1
198,2022-06-14 08:00:00,3,3,3,33,241,100,2022,6,24,2022_24,2022-06-14,Mardi,08:00,False,3,3,100.0
199,2022-06-14 08:30:00,6,6,6,18,199,100,2022,6,24,2022_24,2022-06-14,Mardi,08:30,False,9,9,100.0
200,2022-06-14 09:00:00,8,7,6,30,270,85,2022,6,24,2022_24,2022-06-14,Mardi,09:00,False,15,16,93.8
201,2022-06-14 09:30:00,9,9,9,20,216,100,2022,6,24,2022_24,2022-06-14,Mardi,09:30,False,24,25,96.0
202,2022-06-14 10:00:00,8,8,8,23,194,100,2022,6,24,2022_24,2022-06-14,Mardi,10:00,False,32,33,97.0
203,2022-06-14 10:30:00,9,9,9,19,180,100,2022,6,24,2022_24,2022-06-14,Mardi,10:30,False,41,42,97.6
204,2022-06-14 11:00:00,10,10,10,19,266,100,2022,6,24,2022_24,2022-06-14,Mardi,11:00,False,51,52,98.1
205,2022-06-14 11:30:00,10,10,9,59,269,90,2022,6,24,2022_24,2022-06-14,Mardi,11:30,False,60,62,96.8
206,2022-06-14 12:00:00,5,5,4,39,257,80,2022,6,24,2022_24,2022-06-14,Mardi,12:00,False,64,67,95.5
207,2022-06-14 12:30:00,8,8,8,30,299,100,2022,6,24,2022_24,2022-06-14,Mardi,12:30,False,72,75,96.0
208,2022-06-14 13:00:00,7,7,7,19,169,100,2022,6,24,2022_24,2022-06-14,Mardi,13:00,False,79,82,96.3
209,2022-06-14 13:30:00,12,12,9,83,202,75,2022,6,24,2022_24,2022-06-14,Mardi,13:30,False,88,94,93.6
210,2022-06-14 14:00:00,15,15,13,40,152,86,2022,6,24,2022_24,2022-06-14,Mardi,14:00,False,101,109,92.7
211,2022-06-14 14:30:00,8,8,7,39,190,87,2022,6,24,2022_24,2022-06-14,Mardi,14:30,False,108,117,92.3
212,2022-06-14 15:00:00,13,12,11,39,194,91,2022,6,24,2022_24,2022-06-14,Mardi,15:00,False,119,129,92.2
213,2022-06-14 15:30:00,5,5,5,19,212,100,2022,6,24,2022_24,2022-06-14,Mardi,15:30,False,124,134,92.5
214,2022-06-14 16:00:00,4,4,4,19,305,100,2022,6,24,2022_24,2022-06-14,Mardi,16:00,False,128,138,92.8
215,2022-06-14 16:30:00,3,3,3,18,115,100,2022,6,24,2022_24,2022-06-14,Mardi,16:30,False,131,141,92.9
216,2022-06-14 17:00:00,1,1,1,19,189,100,2022,6,24,2022_24,2022-06-14,Mardi,17:00,False,132,142,93.0
217,2022-06-14 17:30:00,1,1,1,19,148,100,2022,6,24,2022_24,2022-06-14,Mardi,17:30,False,133,143,93.0
218,2022-06-15 08:00:00,3,3,2,146,267,66,2022,6,24,2022_24,2022-06-15,Mercredi,08:00,False,2,3,66.7
219,2022-06-15 09:30:00,6,6,4,73,146,66,2022,6,24,2022_24,2022-06-15,Mercredi,09:30,False,6,9,66.7
220,2022-06-15 10:00:00,18,18,9,90,227,50,2022,6,24,2022_24,2022-06-15,Mercredi,10:00,False,15,27,55.6
221,2022-06-15 10:30:00,18,18,16,40,212,88,2022,6,24,2022_24,2022-06-15,Mercredi,10:30,False,31,45,68.9
222,2022-06-15 11:00:00,10,10,9,36,202,90,2022,6,24,2022_24,2022-06-15,Mercredi,11:00,False,40,55,72.7
223,2022-06-15 11:30:00,12,12,10,40,228,83,2022,6,24,2022_24,2022-06-15,Mercredi,11:30,False,50,67,74.6
224,2022-06-15 12:00:00,18,18,15,56,223,83,2022,6,24,2022_24,2022-06-15,Mercredi,12:00,False,65,85,76.5
225,2022-06-15 13:00:00,10,10,7,70,246,70,2022,6,24,2022_24,2022-06-15,Mercredi,13:00,False,72,95,75.8
226,2022-06-15 13:30:00,9,9,9,20,222,100,2022,6,24,2022_24,2022-06-15,Mercredi,13:30,False,81,104,77.9
227,2022-06-15 14:00:00,15,14,12,42,211,85,2022,6,24,2022_24,2022-06-15,Mercredi,14:00,False,93,118,78.8
228,2022-06-15 14:30:00,6,6,5,35,179,83,2022,6,24,2022_24,2022-06-15,Mercredi,14:30,False,98,124,79.0
229,2022-06-15 15:00:00,9,9,1,225,164,11,2022,6,24,2022_24,2022-06-15,Mercredi,15:00,False,99,133,74.4
230,2022-06-15 15:30:00,7,7,6,38,157,85,2022,6,24,2022_24,2022-06-15,Mercredi,15:30,False,105,140,75.0
231,2022-06-15 16:00:00,3,3,3,25,210,100,2022,6,24,2022_24,2022-06-15,Mercredi,16:00,False,108,143,75.5
232,2022-06-15 17:00:00,1,1,1,18,140,100,2022,6,24,2022_24,2022-06-15,Mercredi,17:00,False,109,144,75.7
233,2022-06-15 17:30:00,5,5,5,19,291,100,2022,6,24,2022_24,2022-06-15,Mercredi,17:30,False,114,149,76.5
234,2022-06-15 18:00:00,2,2,1,80,269,50,2022,6,24,2022_24,2022-06-15,Mercredi,18:00,False,115,151,76.2
235,2022-06-15 18:30:00,1,1,1,20,165,100,2022,6,24,2022_24,2022-06-15,Mercredi,18:30,False,116,152,76.3
236,2022-06-16 08:00:00,1,1,1,19,532,100,2022,6,24,2022_24,2022-06-16,Jeudi,08:00,False,1,1,100.0
237,2022-06-16 08:30:00,13,13,13,29,219,100,2022,6,24,2022_24,2022-06-16,Jeudi,08:30,False,14,14,100.0
238,2022-06-16 09:00:00,11,11,9,41,223,81,2022,6,24,2022_24,2022-06-16,Jeudi,09:00,False,23,25,92.0
239,2022-06-16 09:30:00,13,13,9,70,246,69,2022,6,24,2022_24,2022-06-16,Jeudi,09:30,False,32,38,84.2
240,2022-06-16 10:00:00,16,16,13,50,204,81,2022,6,24,2022_24,2022-06-16,Jeudi,10:00,False,45,54,83.3
241,2022-06-16 10:30:00,12,12,4,129,231,33,2022,6,24,2022_24,2022-06-16,Jeudi,10:30,False,49,66,74.2
242,2022-06-16 11:00:00,14,14,12,46,317,85,2022,6,24,2022_24,2022-06-16,Jeudi,11:00,False,61,80,76.2
243,2022-06-16 11:30:00,9,9,9,22,198,100,2022,6,24,2022_24,2022-06-16,Jeudi,11:30,False,70,89,78.7
244,2022-06-16 12:00:00,14,14,14,21,226,100,2022,6,24,2022_24,2022-06-16,Jeudi,12:00,False,84,103,81.6
245,2022-06-16 12:30:00,8,8,8,22,208,100,2022,6,24,2022_24,2022-06-16,Jeudi,12:30,False,92,111,82.9
246,2022-06-16 13:00:00,7,7,6,40,199,85,2022,6,24,2022_24,2022-06-16,Jeudi,13:00,False,98,118,83.1
247,2022-06-16 13:30:00,10,9,8,59,225,88,2022,6,24,2022_24,2022-06-16,Jeudi,13:30,False,106,127,83.5
248,2022-06-16 14:00:00,12,12,4,173,248,33,2022,6,24,2022_24,2022-06-16,Jeudi,14:00,False,110,139,79.1
249,2022-06-16 14:30:00,7,6,5,51,220,83,2022,6,24,2022_24,2022-06-16,Jeudi,14:30,False,115,145,79.3
250,2022-06-16 15:00:00,10,10,6,108,193,60,2022,6,24,2022_24,2022-06-16,Jeudi,15:00,False,121,155,78.1
251,2022-06-16 15:30:00,5,5,5,19,246,100,2022,6,24,2022_24,2022-06-16,Jeudi,15:30,False,126,160,78.8
252,2022-06-16 16:00:00,4,4,4,19,222,100,2022,6,24,2022_24,2022-06-16,Jeudi,16:00,False,130,164,79.3
253,2022-06-16 16:30:00,2,2,2,18,151,100,2022,6,24,2022_24,2022-06-16,Jeudi,16:30,False,132,166,79.5
254,2022-06-16 17:00:00,2,2,2,19,282,100,2022,6,24,2022_24,2022-06-16,Jeudi,17:00,False,134,168,79.8
255,2022-06-16 18:00:00,1,1,1,19,428,100,2022,6,24,2022_24,2022-06-16,Jeudi,18:00,False,135,169,79.9
256,2022-06-17 08:00:00,9,9,9,18,305,100,2022,6,24,2022_24,2022-06-17,Vendredi,08:00,False,9,9,100.0
257,2022-06-17 08:30:00,16,16,16,25,256,100,2022,6,24,2022_24,2022-06-17,Vendredi,08:30,False,25,25,100.0
258,2022-06-17 09:00:00,22,22,13,93,224,59,2022,6,24,2022_24,2022-06-17,Vendredi,09:00,False,38,47,80.9
259,2022-06-17 09:30:00,16,16,11,72,325,68,2022,6,24,2022_24,2022-06-17,Vendredi,09:30,False,49,63,77.8
260,2022-06-17 10:00:00,18,18,17,41,261,94,2022,6,24,2022_24,2022-06-17,Vendredi,10:00,False,66,81,81.5
261,2022-06-17 10:30:00,18,18,16,55,243,88,2022,6,24,2022_24,2022-06-17,Vendredi,10:30,False,82,99,82.8
262,2022-06-17 11:00:00,25,25,16,93,246,64,2022,6,24,2022_24,2022-06-17,Vendredi,11:00,False,98,124,79.0
263,2022-06-17 11:30:00,17,17,17,22,290,100,2022,6,24,2022_24,2022-06-17,Vendredi,11:30,False,115,141,81.6
264,2022-06-17 12:00:00,14,13,7,88,200,53,2022,6,24,2022_24,2022-06-17,Vendredi,12:00,False,122,154,79.2
265,2022-06-17 12:30:00,13,13,13,28,199,100,2022,6,24,2022_24,2022-06-17,Vendredi,12:30,False,135,167,80.8
266,2022-06-17 13:00:00,12,12,4,200,210,33,2022,6,24,2022_24,2022-06-17,Vendredi,13:00,False,139,179,77.7
267,2022-06-17 13:30:00,20,19,15,52,176,78,2022,6,24,2022_24,2022-06-17,Vendredi,13:30,False,154,198,77.8
268,2022-06-17 14:00:00,10,10,10,23,231,100,2022,6,24,2022_24,2022-06-17,Vendredi,14:00,False,164,208,78.8
269,2022-06-17 14:30:00,17,17,14,51,233,82,2022,6,24,2022_24,2022-06-17,Vendredi,14:30,False,178,225,79.1
270,2022-06-17 15:00:00,11,11,11,39,242,100,2022,6,24,2022_24,2022-06-17,Vendredi,15:00,False,189,236,80.1
271,2022-06-17 15:30:00,12,12,11,32,211,91,2022,6,24,2022_24,2022-06-17,Vendredi,15:30,False,200,248,80.6
272,2022-06-17 16:00:00,8,8,7,41,357,87,2022,6,24,2022_24,2022-06-17,Vendredi,16:00,False,207,256,80.9
273,2022-06-17 16:30:00,4,4,4,19,506,100,2022,6,24,2022_24,2022-06-17,Vendredi,16:30,False,211,260,81.2
274,2022-06-17 17:00:00,1,1,1,23,141,100,2022,6,24,2022_24,2022-06-17,Vendredi,17:00,False,212,261,81.2
275,2022-06-17 17:30:00,2,2,2,19,110,100,2022,6,24,2022_24,2022-06-17,Vendredi,17:30,False,214,263,81.4
276,2022-06-20 08:00:00,5,5,4,57,258,80,2022,6,25,2022_25,2022-06-20,Lundi,08:00,False,4,5,80.0
277,2022-06-20 08:30:00,27,27,20,57,203,74,2022,6,25,2022_25,2022-06-20,Lundi,08:30,False,24,32,75.0
278,2022-06-20 09:00:00,23,22,22,25,194,100,2022,6,25,2022_25,2022-06-20,Lundi,09:00,False,46,54,85.2
279,2022-06-20 09:30:00,20,20,16,57,283,80,2022,6,25,2022_25,2022-06-20,Lundi,09:30,False,62,74,83.8
280,2022-06-20 10:00:00,29,29,12,101,207,41,2022,6,25,2022_25,2022-06-20,Lundi,10:00,False,74,103,71.8
281,2022-06-20 10:30:00,34,33,23,71,245,69,2022,6,25,2022_25,2022-06-20,Lundi,10:30,False,97,136,71.3
282,2022-06-20 11:00:00,19,19,19,23,241,100,2022,6,25,2022_25,2022-06-20,Lundi,11:00,False,116,155,74.8
283,2022-06-20 11:30:00,20,20,20,32,198,100,2022,6,25,2022_25,2022-06-20,Lundi,11:30,False,136,175,77.7
284,2022-06-20 12:00:00,22,22,15,75,230,68,2022,6,25,2022_25,2022-06-20,Lundi,12:00,False,151,197,76.6
285,2022-06-20 12:30:00,17,17,9,100,225,52,2022,6,25,2022_25,2022-06-20,Lundi,12:30,False,160,214,74.8
286,2022-06-20 13:00:00,9,9,8,38,146,88,2022,6,25,2022_25,2022-06-20,Lundi,13:00,False,168,223,75.3
287,2022-06-20 13:30:00,17,17,16,29,217,94,2022,6,25,2022_25,2022-06-20,Lundi,13:30,False,184,240,76.7
288,2022-06-20 14:00:00,20,20,9,87,291,45,2022,6,25,2022_25,2022-06-20,Lundi,14:00,False,193,260,74.2
289,2022-06-20 14:30:00,13,13,8,109,284,61,2022,6,25,2022_25,2022-06-20,Lundi,14:30,False,201,273,73.6
290,2022-06-20 15:00:00,20,20,18,40,279,90,2022,6,25,2022_25,2022-06-20,Lundi,15:00,False,219,293,74.7
291,2022-06-20 15:30:00,6,6,6,19,244,100,2022,6,25,2022_25,2022-06-20,Lundi,15:30,False,225,299,75.3
292,2022-06-20 16:00:00,3,3,3,23,190,100,2022,6,25,2022_25,2022-06-20,Lundi,16:00,False,228,302,75.5
293,2022-06-20 16:30:00,3,3,3,19,345,100,2022,6,25,2022_25,2022-06-20,Lundi,16:30,False,231,305,75.7
294,2022-06-20 17:00:00,3,3,2,83,293,66,2022,6,25,2022_25,2022-06-20,Lundi,17:00,False,233,308,75.6
295,2022-06-20 17:30:00,1,1,1,19,292,100,2022,6,25,2022_25,2022-06-20,Lundi,17:30,False,234,309,75.7
296,2022-06-20 18:00:00,2,2,1,72,85,50,2022,6,25,2022_25,2022-06-20,Lundi,18:00,False,235,311,75.6
297,2022-06-20 18:30:00,2,2,1,64,106,50,2022,6,25,2022_25,2022-06-20,Lundi,18:30,False,236,313,75.4
298,2022-06-21 08:00:00,14,14,14,19,111,100,2022,6,25,2022_25,2022-06-21,Mardi,08:00,False,14,14,100.0
299,2022-06-21 08:30:00,16,16,3,149,259,18,2022,6,25,2022_25,2022-06-21,Mardi,08:30,False,17,30,56.7
300,2022-06-21 09:00:00,17,17,10,109,262,58,2022,6,25,2022_25,2022-06-21,Mardi,09:00,False,27,47,57.4
301,2022-06-21 09:30:00,12,12,12,19,313,100,2022,6,25,2022_25,2022-06-21,Mardi,09:30,False,39,59,66.1
302,2022-06-21 10:00:00,14,14,13,29,243,92,2022,6,25,2022_25,2022-06-21,Mardi,10:00,False,52,73,71.2
303,2022-06-21 10:30:00,17,17,16,37,288,94,2022,6,25,2022_25,2022-06-21,Mardi,10:30,False,68,90,75.6
304,2022-06-21 11:00:00,11,11,7,77,196,63,2022,6,25,2022_25,2022-06-21,Mardi,11:00,False,75,101,74.3
305,2022-06-21 11:30:00,10,10,9,53,280,90,2022,6,25,2022_25,2022-06-21,Mardi,11:30,False,84,111,75.7
306,2022-06-21 12:00:00,14,14,13,39,237,92,2022,6,25,2022_25,2022-06-21,Mardi,12:00,False,97,125,77.6
307,2022-06-21 13:00:00,12,12,12,27,223,100,2022,6,25,2022_25,2022-06-21,Mardi,13:00,False,109,137,79.6
308,2022-06-21 13:30:00,8,8,8,24,261,100,2022,6,25,2022_25,2022-06-21,Mardi,13:30,False,117,145,80.7
309,2022-06-21 14:00:00,7,7,7,26,276,100,2022,6,25,2022_25,2022-06-21,Mardi,14:00,False,124,152,81.6
310,2022-06-21 14:30:00,11,11,7,64,218,63,2022,6,25,2022_25,2022-06-21,Mardi,14:30,False,131,163,80.4
311,2022-06-21 15:00:00,8,8,8,20,233,100,2022,6,25,2022_25,2022-06-21,Mardi,15:00,False,139,171,81.3
312,2022-06-21 15:30:00,12,11,11,19,275,100,2022,6,25,2022_25,2022-06-21,Mardi,15:30,False,150,182,82.4
313,2022-06-21 16:00:00,1,1,1,20,541,100,2022,6,25,2022_25,2022-06-21,Mardi,16:00,False,151,183,82.5
314,2022-06-21 16:30:00,2,2,2,19,212,100,2022,6,25,2022_25,2022-06-21,Mardi,16:30,False,153,185,82.7
315,2022-06-21 17:00:00,1,1,1,19,326,100,2022,6,25,2022_25,2022-06-21,Mardi,17:00,False,154,186,82.8
316,2022-06-21 18:30:00,2,2,2,19,96,100,2022,6,25,2022_25,2022-06-21,Mardi,18:30,False,156,188,83.0
317,2022-06-22 08:00:00,8,8,7,58,237,87,2022,6,25,2022_25,2022-06-22,Mercredi,08:00,False,7,8,87.5
318,2022-06-22 08:30:00,10,10,2,227,227,20,2022,6,25,2022_25,2022-06-22,Mercredi,08:30,False,9,18,50.0
319,2022-06-22 09:30:00,16,16,10,103,249,62,2022,6,25,2022_25,2022-06-22,Mercredi,09:30,False,19,34,55.9
320,2022-06-22 10:00:00,23,23,23,25,220,100,2022,6,25,2022_25,2022-06-22,Mercredi,10:00,False,42,57,73.7
321,2022-06-22 10:30:00,25,25,24,36,268,96,2022,6,25,2022_25,2022-06-22,Mercredi,10:30,False,66,82,80.5
322,2022-06-22 11:00:00,30,29,19,100,262,65,2022,6,25,2022_25,2022-06-22,Mercredi,11:00,False,85,111,76.6
323,2022-06-22 11:30:00,19,19,18,31,225,94,2022,6,25,2022_25,2022-06-22,Mercredi,11:30,False,103,130,79.2
324,2022-06-22 12:00:00,19,19,11,73,249,57,2022,6,25,2022_25,2022-06-22,Mercredi,12:00,False,114,149,76.5
325,2022-06-22 12:30:00,12,12,7,110,237,58,2022,6,25,2022_25,2022-06-22,Mercredi,12:30,False,121,161,75.2
326,2022-06-22 13:00:00,13,13,13,34,288,100,2022,6,25,2022_25,2022-06-22,Mercredi,13:00,False,134,174,77.0
327,2022-06-22 13:30:00,13,13,8,73,219,61,2022,6,25,2022_25,2022-06-22,Mercredi,13:30,False,142,187,75.9
328,2022-06-22 14:00:00,15,15,8,117,266,53,2022,6,25,2022_25,2022-06-22,Mercredi,14:00,False,150,202,74.3
329,2022-06-22 14:30:00,15,15,5,119,221,33,2022,6,25,2022_25,2022-06-22,Mercredi,14:30,False,155,217,71.4
330,2022-06-22 15:00:00,17,17,5,191,240,29,2022,6,25,2022_25,2022-06-22,Mercredi,15:00,False,160,234,68.4
331,2022-06-22 15:30:00,15,15,8,112,226,53,2022,6,25,2022_25,2022-06-22,Mercredi,15:30,False,168,249,67.5
332,2022-06-22 16:00:00,5,5,3,122,253,60,2022,6,25,2022_25,2022-06-22,Mercredi,16:00,False,171,254,67.3
333,2022-06-22 17:00:00,3,3,2,77,157,66,2022,6,25,2022_25,2022-06-22,Mercredi,17:00,False,173,257,67.3
334,2022-06-22 17:30:00,2,2,1,101,347,50,2022,6,25,2022_25,2022-06-22,Mercredi,17:30,False,174,259,67.2
335,2022-06-23 08:00:00,10,9,3,145,251,33,2022,6,25,2022_25,2022-06-23,Jeudi,08:00,False,3,9,33.3
336,2022-06-23 08:30:00,15,15,8,74,210,53,2022,6,25,2022_25,2022-06-23,Jeudi,08:30,False,11,24,45.8
337,2022-06-23 09:00:00,16,16,2,241,342,12,2022,6,25,2022_25,2022-06-23,Jeudi,09:00,False,13,40,32.5
338,2022-06-23 09:30:00,15,15,7,129,291,46,2022,6,25,2022_25,2022-06-23,Jeudi,09:30,False,20,55,36.4
339,2022-06-23 10:00:00,19,19,8,168,271,42,2022,6,25,2022_25,2022-06-23,Jeudi,10:00,False,28,74,37.8
340,2022-06-23 10:30:00,11,11,10,34,235,90,2022,6,25,2022_25,2022-06-23,Jeudi,10:30,False,38,85,44.7
341,2022-06-23 11:00:00,13,13,13,22,244,100,2022,6,25,2022_25,2022-06-23,Jeudi,11:00,False,51,98,52.0
342,2022-06-23 11:30:00,10,10,9,41,259,90,2022,6,25,2022_25,2022-06-23,Jeudi,11:30,False,60,108,55.6
343,2022-06-23 12:00:00,8,8,6,51,275,75,2022,6,25,2022_25,2022-06-23,Jeudi,12:00,False,66,116,56.9
344,2022-06-23 12:30:00,5,5,5,19,210,100,2022,6,25,2022_25,2022-06-23,Jeudi,12:30,False,71,121,58.7
345,2022-06-23 13:00:00,7,7,7,20,252,100,2022,6,25,2022_25,2022-06-23,Jeudi,13:00,False,78,128,60.9
346,2022-06-23 13:30:00,9,9,7,48,343,77,2022,6,25,2022_25,2022-06-23,Jeudi,13:30,False,85,137,62.0
347,2022-06-23 14:00:00,10,10,10,24,214,100,2022,6,25,2022_25,2022-06-23,Jeudi,14:00,False,95,147,64.6
348,2022-06-23 14:30:00,9,9,7,58,289,77,2022,6,25,2022_25,2022-06-23,Jeudi,14:30,False,102,156,65.4
349,2022-06-23 15:00:00,13,12,11,35,207,91,2022,6,25,2022_25,2022-06-23,Jeudi,15:00,False,113,168,67.3
350,2022-06-23 15:30:00,5,5,5,23,283,100,2022,6,25,2022_25,2022-06-23,Jeudi,15:30,False,118,173,68.2
351,2022-06-23 16:00:00,2,2,2,19,272,100,2022,6,25,2022_25,2022-06-23,Jeudi,16:00,False,120,175,68.6
352,2022-06-23 16:30:00,3,3,3,20,334,100,2022,6,25,2022_25,2022-06-23,Jeudi,16:30,False,123,178,69.1
353,2022-06-23 18:30:00,1,1,1,18,124,100,2022,6,25,2022_25,2022-06-23,Jeudi,18:30,False,124,179,69.3
354,2022-06-24 08:00:00,5,5,5,18,161,100,2022,6,25,2022_25,2022-06-24,Vendredi,08:00,False,5,5,100.0
355,2022-06-24 08:30:00,16,16,5,223,184,31,2022,6,25,2022_25,2022-06-24,Vendredi,08:30,False,10,21,47.6
356,2022-06-24 09:00:00,16,15,7,139,254,46,2022,6,25,2022_25,2022-06-24,Vendredi,09:00,False,17,36,47.2
357,2022-06-24 09:30:00,20,20,13,87,261,65,2022,6,25,2022_25,2022-06-24,Vendredi,09:30,False,30,56,53.6
358,2022-06-24 10:00:00,23,23,21,40,242,91,2022,6,25,2022_25,2022-06-24,Vendredi,10:00,False,51,79,64.6
359,2022-06-24 11:00:00,10,10,7,88,377,70,2022,6,25,2022_25,2022-06-24,Vendredi,11:00,False,58,89,65.2
360,2022-06-24 11:30:00,19,19,18,40,261,94,2022,6,25,2022_25,2022-06-24,Vendredi,11:30,False,76,108,70.4
361,2022-06-24 12:00:00,13,13,4,133,212,30,2022,6,25,2022_25,2022-06-24,Vendredi,12:00,False,80,121,66.1
362,2022-06-24 12:30:00,15,15,8,75,251,53,2022,6,25,2022_25,2022-06-24,Vendredi,12:30,False,88,136,64.7
363,2022-06-24 13:00:00,18,18,14,61,206,77,2022,6,25,2022_25,2022-06-24,Vendredi,13:00,False,102,154,66.2
364,2022-06-24 13:30:00,13,13,13,29,283,100,2022,6,25,2022_25,2022-06-24,Vendredi,13:30,False,115,167,68.9
365,2022-06-24 14:00:00,12,12,12,19,216,100,2022,6,25,2022_25,2022-06-24,Vendredi,14:00,False,127,179,70.9
366,2022-06-24 14:30:00,16,16,16,29,238,100,2022,6,25,2022_25,2022-06-24,Vendredi,14:30,False,143,195,73.3
367,2022-06-24 15:00:00,11,11,7,130,275,63,2022,6,25,2022_25,2022-06-24,Vendredi,15:00,False,150,206,72.8
368,2022-06-24 15:30:00,4,4,2,120,334,50,2022,6,25,2022_25,2022-06-24,Vendredi,15:30,False,152,210,72.4
369,2022-06-24 16:00:00,10,10,7,62,188,70,2022,6,25,2022_25,2022-06-24,Vendredi,16:00,False,159,220,72.3
370,2022-06-24 16:30:00,5,5,5,21,192,100,2022,6,25,2022_25,2022-06-24,Vendredi,16:30,False,164,225,72.9
371,2022-06-24 17:00:00,4,4,4,54,255,100,2022,6,25,2022_25,2022-06-24,Vendredi,17:00,False,168,229,73.4
372,2022-06-24 17:30:00,2,2,1,60,436,50,2022,6,25,2022_25,2022-06-24,Vendredi,17:30,False,169,231,73.2
373,2022-06-24 18:30:00,1,1,1,19,116,100,2022,6,25,2022_25,2022-06-24,Vendredi,18:30,False,170,232,73.3
374,2022-06-24 19:30:00,1,1,1,18,121,100,2022,6,25,2022_25,2022-06-24,Vendredi,19:30,False,171,233,73.4
375,2022-06-25 09:00:00,4,4,4,18,237,100,2022,6,25,2022_25,2022-06-25,Samedi,09:00,False,4,4,100.0
376,2022-06-25 09:30:00,3,3,3,31,280,100,2022,6,25,2022_25,2022-06-25,Samedi,09:30,False,7,7,100.0
377,2022-06-25 10:00:00,5,5,3,159,265,60,2022,6,25,2022_25,2022-06-25,Samedi,10:00,False,10,12,83.3
378,2022-06-25 11:00:00,1,1,1,36,144,100,2022,6,25,2022_25,2022-06-25,Samedi,11:00,False,11,13,84.6
379,2022-06-25 12:00:00,2,2,2,27,188,100,2022,6,25,2022_25,2022-06-25,Samedi,12:00,False,13,15,86.7
380,2022-06-25 13:30:00,2,2,1,66,219,50,2022,6,25,2022_25,2022-06-25,Samedi,13:30,False,14,17,82.4
381,2022-06-25 14:00:00,3,3,3,18,218,100,2022,6,25,2022_25,2022-06-25,Samedi,14:00,False,17,20,85.0
382,2022-06-25 14:30:00,4,4,3,62,267,75,2022,6,25,2022_25,2022-06-25,Samedi,14:30,False,20,24,83.3
383,2022-06-27 08:00:00,8,8,7,80,136,87,2022,6,26,2022_26,2022-06-27,Lundi,08:00,False,7,8,87.5
384,2022-06-27 08:30:00,14,14,10,64,213,71,2022,6,26,2022_26,2022-06-27,Lundi,08:30,False,17,22,77.3
385,2022-06-27 09:00:00,13,13,11,48,255,84,2022,6,26,2022_26,2022-06-27,Lundi,09:00,False,28,35,80.0
386,2022-06-27 09:30:00,13,13,11,56,197,84,2022,6,26,2022_26,2022-06-27,Lundi,09:30,False,39,48,81.2
387,2022-06-27 10:00:00,20,20,7,140,231,35,2022,6,26,2022_26,2022-06-27,Lundi,10:00,False,46,68,67.6
388,2022-06-27 10:30:00,23,23,17,75,248,73,2022,6,26,2022_26,2022-06-27,Lundi,10:30,False,63,91,69.2
389,2022-06-27 11:00:00,28,28,24,47,233,85,2022,6,26,2022_26,2022-06-27,Lundi,11:00,False,87,119,73.1
390,2022-06-27 11:30:00,16,16,15,35,227,93,2022,6,26,2022_26,2022-06-27,Lundi,11:30,False,102,135,75.6
391,2022-06-27 12:00:00,19,19,17,44,271,89,2022,6,26,2022_26,2022-06-27,Lundi,12:00,False,119,154,77.3
392,2022-06-27 12:30:00,13,13,11,52,183,84,2022,6,26,2022_26,2022-06-27,Lundi,12:30,False,130,167,77.8
393,2022-06-27 13:00:00,13,13,13,25,192,100,2022,6,26,2022_26,2022-06-27,Lundi,13:00,False,143,180,79.4
394,2022-06-27 13:30:00,13,13,13,27,241,100,2022,6,26,2022_26,2022-06-27,Lundi,13:30,False,156,193,80.8
395,2022-06-27 14:00:00,16,16,13,57,224,81,2022,6,26,2022_26,2022-06-27,Lundi,14:00,False,169,209,80.9
396,2022-06-27 14:30:00,17,17,13,74,201,76,2022,6,26,2022_26,2022-06-27,Lundi,14:30,False,182,226,80.5
397,2022-06-27 15:00:00,12,11,10,34,230,90,2022,6,26,2022_26,2022-06-27,Lundi,15:00,False,192,237,81.0
398,2022-06-27 15:30:00,6,6,6,19,158,100,2022,6,26,2022_26,2022-06-27,Lundi,15:30,False,198,243,81.5
399,2022-06-27 16:00:00,8,8,8,20,239,100,2022,6,26,2022_26,2022-06-27,Lundi,16:00,False,206,251,82.1
400,2022-06-27 16:30:00,7,7,7,18,200,100,2022,6,26,2022_26,2022-06-27,Lundi,16:30,False,213,258,82.6
401,2022-06-27 17:00:00,5,5,5,19,192,100,2022,6,26,2022_26,2022-06-27,Lundi,17:00,False,218,263,82.9
402,2022-06-27 17:30:00,4,4,3,73,164,75,2022,6,26,2022_26,2022-06-27,Lundi,17:30,False,221,267,82.8
403,2022-06-27 18:00:00,3,3,3,38,133,100,2022,6,26,2022_26,2022-06-27,Lundi,18:00,False,224,270,83.0
404,2022-06-27 18:30:00,1,1,1,19,433,100,2022,6,26,2022_26,2022-06-27,Lundi,18:30,False,225,271,83.0
405,2022-06-27 19:30:00,1,1,1,19,228,100,2022,6,26,2022_26,2022-06-27,Lundi,19:30,False,226,272,83.1
406,2022-06-28 08:00:00,7,7,6,30,176,85,2022,6,26,2022_26,2022-06-28,Mardi,08:00,False,6,7,85.7
407,2022-06-28 08:30:00,7,7,7,32,221,100,2022,6,26,2022_26,2022-06-28,Mardi,08:30,False,13,14,92.9
408,2022-06-28 09:00:00,9,9,9,34,233,100,2022,6,26,2022_26,2022-06-28,Mardi,09:00,False,22,23,95.7
409,2022-06-28 09:30:00,9,9,7,65,241,77,2022,6,26,2022_26,2022-06-28,Mardi,09:30,False,29,32,90.6
410,2022-06-28 10:00:00,18,18,13,63,212,72,2022,6,26,2022_26,2022-06-28,Mardi,10:00,False,42,50,84.0
411,2022-06-28 10:30:00,18,17,16,44,186,94,2022,6,26,2022_26,2022-06-28,Mardi,10:30,False,58,67,86.6
412,2022-06-28 11:00:00,18,17,13,50,178,76,2022,6,26,2022_26,2022-06-28,Mardi,11:00,False,71,84,84.5
413,2022-06-28 11:30:00,13,13,10,56,284,76,2022,6,26,2022_26,2022-06-28,Mardi,11:30,False,81,97,83.5
414,2022-06-28 12:00:00,19,19,11,80,234,57,2022,6,26,2022_26,2022-06-28,Mardi,12:00,False,92,116,79.3
415,2022-06-28 12:30:00,10,10,5,82,293,50,2022,6,26,2022_26,2022-06-28,Mardi,12:30,False,97,126,77.0
416,2022-06-28 13:00:00,11,11,11,24,174,100,2022,6,26,2022_26,2022-06-28,Mardi,13:00,False,108,137,78.8
417,2022-06-28 13:30:00,10,10,9,31,184,90,2022,6,26,2022_26,2022-06-28,Mardi,13:30,False,117,147,79.6
418,2022-06-28 14:00:00,9,9,8,31,202,88,2022,6,26,2022_26,2022-06-28,Mardi,14:00,False,125,156,80.1
419,2022-06-28 14:30:00,13,13,11,52,230,84,2022,6,26,2022_26,2022-06-28,Mardi,14:30,False,136,169,80.5
420,2022-06-28 15:00:00,9,9,9,23,281,100,2022,6,26,2022_26,2022-06-28,Mardi,15:00,False,145,178,81.5
421,2022-06-28 15:30:00,11,11,11,20,182,100,2022,6,26,2022_26,2022-06-28,Mardi,15:30,False,156,189,82.5
422,2022-06-28 16:00:00,6,6,3,81,176,50,2022,6,26,2022_26,2022-06-28,Mardi,16:00,False,159,195,81.5
423,2022-06-28 16:30:00,8,8,7,40,191,87,2022,6,26,2022_26,2022-06-28,Mardi,16:30,False,166,203,81.8
424,2022-06-28 17:00:00,1,1,1,22,182,100,2022,6,26,2022_26,2022-06-28,Mardi,17:00,False,167,204,81.9
425,2022-06-28 17:30:00,2,2,2,25,113,100,2022,6,26,2022_26,2022-06-28,Mardi,17:30,False,169,206,82.0
426,2022-06-28 18:30:00,3,3,3,25,181,100,2022,6,26,2022_26,2022-06-28,Mardi,18:30,False,172,209,82.3
427,2022-06-29 08:00:00,6,6,5,42,396,83,2022,6,26,2022_26,2022-06-29,Mercredi,08:00,False,5,6,83.3
428,2022-06-29 08:30:00,10,10,4,156,383,40,2022,6,26,2022_26,2022-06-29,Mercredi,08:30,False,9,16,56.2
429,2022-06-29 09:00:00,10,10,5,157,340,50,2022,6,26,2022_26,2022-06-29,Mercredi,09:00,False,14,26,53.8
430,2022-06-29 09:30:00,16,16,12,65,315,75,2022,6,26,2022_26,2022-06-29,Mercredi,09:30,False,26,42,61.9
431,2022-06-29 10:00:00,11,11,5,162,449,45,2022,6,26,2022_26,2022-06-29,Mercredi,10:00,False,31,53,58.5
432,2022-06-29 10:30:00,24,23,13,130,346,56,2022,6,26,2022_26,2022-06-29,Mercredi,10:30,False,44,76,57.9
433,2022-06-29 11:00:00,18,18,10,143,310,55,2022,6,26,2022_26,2022-06-29,Mercredi,11:00,False,54,94,57.4
434,2022-06-29 11:30:00,17,17,6,117,243,35,2022,6,26,2022_26,2022-06-29,Mercredi,11:30,False,60,111,54.1
435,2022-06-29 12:00:00,13,13,13,33,302,100,2022,6,26,2022_26,2022-06-29,Mercredi,12:00,False,73,124,58.9
436,2022-06-29 12:30:00,17,17,7,118,262,41,2022,6,26,2022_26,2022-06-29,Mercredi,12:30,False,80,141,56.7
437,2022-06-29 13:00:00,10,10,7,82,258,70,2022,6,26,2022_26,2022-06-29,Mercredi,13:00,False,87,151,57.6
438,2022-06-29 13:30:00,7,7,6,54,228,85,2022,6,26,2022_26,2022-06-29,Mercredi,13:30,False,93,158,58.9
439,2022-06-29 14:00:00,17,17,16,39,240,94,2022,6,26,2022_26,2022-06-29,Mercredi,14:00,False,109,175,62.3
440,2022-06-29 14:30:00,19,19,15,54,240,78,2022,6,26,2022_26,2022-06-29,Mercredi,14:30,False,124,194,63.9
441,2022-06-29 15:00:00,7,7,7,21,233,100,2022,6,26,2022_26,2022-06-29,Mercredi,15:00,False,131,201,65.2
442,2022-06-29 15:30:00,12,12,12,20,169,100,2022,6,26,2022_26,2022-06-29,Mercredi,15:30,False,143,213,67.1
443,2022-06-29 16:00:00,8,8,7,30,258,87,2022,6,26,2022_26,2022-06-29,Mercredi,16:00,False,150,221,67.9
444,2022-06-29 16:30:00,7,7,7,27,271,100,2022,6,26,2022_26,2022-06-29,Mercredi,16:30,False,157,228,68.9
445,2022-06-29 17:00:00,4,4,4,19,210,100,2022,6,26,2022_26,2022-06-29,Mercredi,17:00,False,161,232,69.4
446,2022-06-30 08:00:00,2,2,2,19,109,100,2022,6,26,2022_26,2022-06-30,Jeudi,08:00,False,2,2,100.0
447,2022-06-30 08:30:00,4,4,3,59,256,75,2022,6,26,2022_26,2022-06-30,Jeudi,08:30,False,5,6,83.3
448,2022-06-30 09:00:00,6,6,6,19,183,100,2022,6,26,2022_26,2022-06-30,Jeudi,09:00,False,11,12,91.7
449,2022-06-30 09:30:00,2,2,2,21,173,100,2022,6,26,2022_26,2022-06-30,Jeudi,09:30,False,13,14,92.9
450,2022-06-30 10:00:00,5,4,4,15,207,100,2022,6,26,2022_26,2022-06-30,Jeudi,10:00,False,17,18,94.4
451,2022-06-30 10:30:00,10,10,5,109,200,50,2022,6,26,2022_26,2022-06-30,Jeudi,10:30,False,22,28,78.6
452,2022-06-30 11:00:00,9,9,7,51,242,77,2022,6,26,2022_26,2022-06-30,Jeudi,11:00,False,29,37,78.4
453,2022-06-30 11:30:00,6,6,6,19,337,100,2022,6,26,2022_26,2022-06-30,Jeudi,11:30,False,35,43,81.4
454,2022-06-30 12:00:00,5,5,5,19,184,100,2022,6,26,2022_26,2022-06-30,Jeudi,12:00,False,40,48,83.3
455,2022-06-30 12:30:00,7,7,7,18,171,100,2022,6,26,2022_26,2022-06-30,Jeudi,12:30,False,47,55,85.5
456,2022-06-30 13:00:00,3,3,1,86,199,33,2022,6,26,2022_26,2022-06-30,Jeudi,13:00,False,48,58,82.8
457,2022-06-30 13:30:00,6,6,5,42,152,83,2022,6,26,2022_26,2022-06-30,Jeudi,13:30,False,53,64,82.8
458,2022-06-30 14:00:00,9,9,8,50,259,88,2022,6,26,2022_26,2022-06-30,Jeudi,14:00,False,61,73,83.6
459,2022-06-30 14:30:00,9,9,9,26,173,100,2022,6,26,2022_26,2022-06-30,Jeudi,14:30,False,70,82,85.4
460,2022-06-30 15:00:00,10,9,3,121,310,33,2022,6,26,2022_26,2022-06-30,Jeudi,15:00,False,73,91,80.2
461,2022-06-30 15:30:00,2,2,2,47,210,100,2022,6,26,2022_26,2022-06-30,Jeudi,15:30,False,75,93,80.6
462,2022-06-30 16:00:00,4,4,4,48,205,100,2022,6,26,2022_26,2022-06-30,Jeudi,16:00,False,79,97,81.4
463,2022-06-30 16:30:00,7,7,3,105,154,42,2022,6,26,2022_26,2022-06-30,Jeudi,16:30,False,82,104,78.8
464,2022-06-30 17:00:00,5,5,3,84,282,60,2022,6,26,2022_26,2022-06-30,Jeudi,17:00,False,85,109,78.0
465,2022-06-30 17:30:00,1,1,1,66,120,100,2022,6,26,2022_26,2022-06-30,Jeudi,17:30,False,86,110,78.2
466,2022-06-30 18:00:00,1,1,1,22,357,100,2022,6,26,2022_26,2022-06-30,Jeudi,18:00,False,87,111,78.4
